-- MySQL dump 10.13  Distrib 5.7.23, for Linux (x86_64)
--
-- Host: localhost    Database: PnSysData
-- ------------------------------------------------------
-- Server version	5.7.23-0ubuntu0.16.04.1

/*!40101 SET @OLD_CHARACTER_SET_CLIENT=@@CHARACTER_SET_CLIENT */;
/*!40101 SET @OLD_CHARACTER_SET_RESULTS=@@CHARACTER_SET_RESULTS */;
/*!40101 SET @OLD_COLLATION_CONNECTION=@@COLLATION_CONNECTION */;
/*!40101 SET NAMES utf8 */;
/*!40103 SET @OLD_TIME_ZONE=@@TIME_ZONE */;
/*!40103 SET TIME_ZONE='+00:00' */;
/*!40014 SET @OLD_UNIQUE_CHECKS=@@UNIQUE_CHECKS, UNIQUE_CHECKS=0 */;
/*!40014 SET @OLD_FOREIGN_KEY_CHECKS=@@FOREIGN_KEY_CHECKS, FOREIGN_KEY_CHECKS=0 */;
/*!40101 SET @OLD_SQL_MODE=@@SQL_MODE, SQL_MODE='NO_AUTO_VALUE_ON_ZERO' */;
/*!40111 SET @OLD_SQL_NOTES=@@SQL_NOTES, SQL_NOTES=0 */;

--
-- Table structure for table `Designers`
--

DROP TABLE IF EXISTS `Designers`;
/*!40101 SET @saved_cs_client     = @@character_set_client */;
/*!40101 SET character_set_client = utf8 */;
CREATE TABLE `Designers` (
  `Name` varchar(120) DEFAULT NULL,
  `Year0` varchar(120) DEFAULT NULL,
  `Active` int(11) DEFAULT NULL
) ENGINE=InnoDB DEFAULT CHARSET=latin1;
/*!40101 SET character_set_client = @saved_cs_client */;

--
-- Dumping data for table `Designers`
--

LOCK TABLES `Designers` WRITE;
/*!40000 ALTER TABLE `Designers` DISABLE KEYS */;
INSERT INTO `Designers` VALUES ('U. Unknown','2010',0),('A. Yanney','2017',1),('B. Long','2014',1),('D. Brandon','2013',1),('D. Fieldhouse','2013',1),('H. Fieldhouse','2015',1),('J. Bassett','2015',1),('J. Stratton','2017',1),('J. Wu','2016',0),('K. Dominguez','2012',0),('M. Schroeder','2015',1),('P. DeVries','2012',1),('R. Carranza','2015',0),('R. Rietveld','2015',1),('R. Vreeke','2014',0),('S. Tefera','2014',0),('S. Wang','2014',0),('T. Qu','2016',1),('C. Dominik','2013',0),('C. Granch','2014',0),('L. Furlong','2014',0),('N. Gardner','2015',0),('N. Dekker','2014',0),('Y. Ghebreyesus','2015',0),('C. Yuan','2014',0),('A. Haitz','2014',0),('D. OToole','2014',0),('M. Doom','2018',1),('H. Malmsten','2018',1),('B. Zhou','2018',1),('C. Sun','2018',1),('Y. Cai','2018',1);
/*!40000 ALTER TABLE `Designers` ENABLE KEYS */;
UNLOCK TABLES;

--
-- Table structure for table `EpicParts`
--

DROP TABLE IF EXISTS `EpicParts`;
/*!40101 SET @saved_cs_client     = @@character_set_client */;
/*!40101 SET character_set_client = utf8 */;
CREATE TABLE `EpicParts` (
  `PID` char(32) DEFAULT NULL,
  `ProjectId` char(3) DEFAULT NULL,
  `SubsystemId` char(2) DEFAULT NULL,
  `PartType` char(1) DEFAULT NULL,
  `SequenceNum` int(11) DEFAULT NULL,
  `Designer` varchar(60) DEFAULT NULL,
  `DateIssued` char(20) DEFAULT NULL,
  `Description` varchar(512) DEFAULT NULL
) ENGINE=InnoDB DEFAULT CHARSET=latin1;
/*!40101 SET character_set_client = @saved_cs_client */;

--
-- Dumping data for table `EpicParts`
--

LOCK TABLES `EpicParts` WRITE;
/*!40000 ALTER TABLE `EpicParts` DISABLE KEYS */;
INSERT INTO `EpicParts` VALUES ('FF884561CC7F47878A1993F92DAF7647','Y14','S2','9',1,'U. Unknown','2014-01-01','Shooter-Base Plate'),('B8304EAC841B48748C0CC530682B4DC1','Y14','S2','9',2,'U. Unknown','2014-01-01','Shooter-Top Plate'),('BED4EBAAC65B4BEDB27CDB9B0F45174D','Y14','S2','9',3,'U. Unknown','2014-01-01','Rail-Side'),('63E604D2244A4B8FA5E78EFE47623D6B','Y14','S2','9',4,'U. Unknown','2014-01-01','Rail-Rear'),('E00EF58616EE448A92F0D132B534214B','Y14','S2','9',5,'U. Unknown','2014-01-01','Bracket-Right Angel'),('0BE0B32656DF42CE9F62EA7306BF404E','Y14','S2','9',6,'U. Unknown','2014-01-01','Bracket'),('EB3A71BD83F64F729CCBEFDB93AE09EF','Y14','S2','9',7,'U. Unknown','2014-01-01','Guide - Top'),('99C611F9312F41D091CFC51D83B1D46C','Y14','S2','9',8,'U. Unknown','2014-01-01','Shooter Guide'),('83CDF784FB8A49B089549303C08D2742','Y14','S2','9',9,'U. Unknown','2014-01-01','Wheel Hub'),('355AB4D8FBD74148B9984A3C1DA0F138','Y14','A1','9',1,'D. Brandon','2014-01-21','Hoop Cross bar'),('26B69D082ABF4AAB9C5DC5D01B56125F','Y14','A1','9',2,'D. Brandon','2014-01-21','45 deg. Support'),('9985043AB3E64483AD468389A6415AF5','Y14','A1','9',3,'D. Brandon','2014-01-21','16 in. 2 by 4'),('996DD2A05E1D4EEFB21CF0E5AB2E7090','Y14','A1','9',4,'D. Brandon','2014-01-21','16 in. 2 by 4 (2)'),('DA71A6F972EF48CAAAC6ED92FD91201A','Y14','A1','9',5,'D. Brandon','2014-01-21','Base ply wood'),('D12D0096DA96467397B330468006D2BA','Y14','A1','9',6,'D. Brandon','2014-01-21','Hoop to catch'),('6F1382FD4D914CCF92F3C74AFE7DBC74','Y14','A1','9',7,'D. Brandon','2014-01-21','shooter prototype'),('39E9B2E4A70348EAA6912EE7AAA64549','Y14','A1','9',8,'D. Brandon','2014-01-21','Upright 2 by 4'),('B3487DE3E0EF4D2494EBEFFA7EC3E9C4','Y14','M1','9',1,'C. Yuan','2014-01-23','Upright For Shooter'),('936DE379589143758EACFDBFB8CE6130','Y14','M1','9',2,'C. Yuan','2014-01-23','1 1/4 Pipe For Center Axis'),('ED30C816639B4FCAB3723DB9C6ECDF03','Y14','M1','9',3,'A. Haitz','2014-01-23','1/2 Pipe For Throw Bar'),('209EE714CBD945ABA6F89E35133D4AEE','Y14','M1','9',4,'A. Haitz','2014-01-23','Mouting Plate'),('3F42E59FC0FF449B8362B50162DE5D60','Y14','M1','9',5,'A. Haitz','2014-01-23','End Plate For ?? '),('BD9015C39AA0425AB7166EA109B595AB','Y14','M1','9',6,'U. Unknown','2014-01-01','????'),('1C6FE6A374294E6D80F810C2DA950E1D','Y14','M1','9',7,'C. Yuan','2014-01-23','End Bolt'),('ED33E7CA60364CDFB786E243ED2B7C00','Y14','M1','9',8,'D. Brandon','2014-01-23','Hoop Assy'),('D6B25E6A0FEF4F75B31110A1C74321C6','Y14','M1','9',9,'D. Brandon','2014-01-23','Hoop'),('605E2556CF384014A6404B2F58D64975','Y14','M1','9',10,'D. Brandon','2014-01-23','Hoop Bracket'),('2F8DDDC28D3040FDB35A9AE05D9B6283','Y14','M1','9',11,'A. Haitz','2014-01-23','Pillow Block Foy Cylinder Bottom'),('99BCCF12FE574351859FB3F6025F4618','Y14','L1','9',1,'U. Unknown','2014-01-01','????'),('DA91F84CDB3F4E69BA5EED3B82D2724B','Y14','FL','9',1,'C. Granch','2014-01-25','Fork Lift'),('7111B99D057E4498A41C0B0458A15538','Y14','FL','9',2,'C. Dominik','2014-01-25','Fork Lift mount'),('8BE8305193B4401599AFC115251ADE0B','Y14','FL','9',3,'C. Dominik','2014-01-25','Frok Lift mounting plate'),('660695917EC3429AAF649124EC315089','Y14','CH','9',1,'K. Dominguez','2014-01-25','Bumper-plywood'),('F3BA545E720541908FE31A28C6F9BDBC','Y14','CH','9',2,'K. Dominguez','2014-01-25','Bumper-noodle'),('284412FAFAE04D26B69E9C98C053A3A3','Y14','CH','9',3,'K. Dominguez','2014-01-25','Bumper assembly'),('EE10E7838411470394DB563BFE164DC8','Y14','B1','9',1,'K. Dominguez','2014-01-27','Bailer - Side Bar With Chain'),('C23F5E5F11404DF28A3B6589017B894C','Y14','B1','9',2,'K. Dominguez','2014-01-28','Bailer - Side Bar'),('41717400A13F4D3CB9D36542BD9D739A','Y14','B1','9',3,'K. Dominguez','2014-01-28','Bailer - Hex Bar'),('1534178ADB0D44749CB732F50A95F765','Y14','B1','9',4,'K. Dominguez','2014-01-28','Bailer - Top Bar'),('CB240FB1FFFE48429BEF940F0EE18765','Y14','B1','9',5,'K. Dominguez','2014-01-28','Bailer - Assy'),('3E8C6F09D1D14A4787271A7B24B5ED53','Y14','CH','9',4,'K. Dominguez','2014-01-30','Brace Bar - Right'),('8EF54F18DBB8478C827EA0C698D6E7F1','Y14','CH','9',5,'K. Dominguez','2014-01-30','Brace Bar - Left'),('C2F83A99916A409A96AED0DDD23142AA','Y14','AM','9',1,'K. Dominguez','2014-01-30','Main Model'),('0E3CD2D010924145B724F893356977CE','Y14','CH','9',6,'K. Dominguez','2014-01-30','Chassis Main Model'),('654B66EBA12A42208E47678EB20AC874','Y14','MM','9',1,'K. Dominguez','2014-01-30','Manipulator Main Model'),('91A7BDE82FC84489B6AF99C0C8AFC2DB','Y14','CH','9',7,'K. Dominguez','2014-02-01','Chassis - Brace Bar'),('09E655AC5C424402B83DD60DDEADE996','Y14','B1','9',6,'K. Dominguez','2014-02-01','Bailer - Clevis'),('717EE91944464E93BC272A74D3CEE42F','Y14','CH','9',8,'C. Dominik','2014-01-21','Chassis - Electric Plastic'),('377A98F3387745618E23ED356D0D8282','Y14','L3','9',1,'D. Brandon','2014-01-31','60 Tooth, 5\" Dia, 3/4\" Bore, 12 Pitch, 14-1/2 Degree Spur Gear'),('A80BCCBBA5F54AF1964FD44A5E20DCA3','Y14','L3','9',2,'D. Brandon','2014-01-31','12 Tooth, 1\" Dia, 1/2\" Bore, 12 Pitch, 14-1/2 Degree Spur Gear'),('851C800A8F184BB581C71C55F2E17011','Y14','L3','9',3,'D. OToole','2014-01-31','1\"x3\" Al Tube'),('EB8E066B2E634B69861646313138862F','Y14','L3','9',4,'D. OToole','2014-01-31','Linkage Bar'),('E440D09DB51C473E8BE81B3B2014C515','Y14','L3','9',5,'D. OToole','2014-01-31','1x3 Base Tube'),('8C44C11D4EA64AF688CE931251E5080A','Y14','L3','9',6,'D. OToole','2014-01-31','Linkage Bar'),('35BA3AC2B0DD4C35850A60E8831AAD6D','Y14','L3','9',7,'D. Brandon','2014-01-31','Hoop Example'),('819161D42AB3435E86391A6FD4BB8C23','Y14','L3','9',8,'D. OToole','2014-01-31','Half Inch Tube'),('58CD7EF9835C4C3FACB4F53387BBA15C','Y14','L3','9',9,'U. Unknown','2014-01-31','Half Inch Tube Short'),('6A8EB17827484E2885450A14F6EC6A43','Y14','L3','9',10,'U. Unknown','2014-01-31','Half Inch Tube Short'),('B4D8E471DDEF4655AD09DCAB7A288861','Y14','L3','9',11,'U. Unknown','2014-01-31','Cross Brace (alternate way)'),('716888D6389C4A5B86F6432E33EF8892','Y14','L3','9',12,'U. Unknown','2014-01-31','Cross Brace Square Tube'),('2D04BE8B179245ED8DDF0A4C82CEFC69','Y14','L3','9',13,'D. OToole','2014-01-31','Motor Spacer'),('B065160B2FE648BE8838B348CB1E79C2','Y14','L3','9',14,'D. Brandon','2014-01-31','Axle 3/4\"'),('77C1073F9BD3494AAFC7E201A5FDA911','Y14','L3','9',15,'D. OToole','2014-01-31','Shaft Linkage Arm'),('2A4EF14E654D41489EF0A084E50E5471','Y14','L3','9',16,'D. Brandon','2014-01-31','Main Shaft'),('E1DCBA08E2194730BCD427DBB6AF276D','Y14','L3','9',17,'D. OToole','2014-01-31','Square Axle'),('10E654C299D94A5E9F0DDB299A31346B','Y14','L3','9',18,'D. OToole','2014-01-31','Square Tubing'),('B10FBDF9C862461E913C97D223DEDA70','Y14','L3','9',19,'D. OToole','2014-01-31','1x3 Strut with Hole'),('EA051664BA064E3EAD72F1D61E233E68','Y14','L3','9',20,'D. OToole','2014-01-31','Full Launcher Assembly'),('BA3A67DD8C6E46D6B69F95C645854BD9','Y14','L3','9',21,'D. OToole','2014-01-31','Swing with Square Tube Assembly'),('2CB35D44B3094AE7A2717BE86AD39F66','Y14','L3','9',22,'D. OToole','2014-01-31','Swing Are with Round Tubing'),('04D47BB61FE74142BECB50D96A3F15AD','Y14','L3','9',23,'C. Dominik','2014-01-31','Clutch Plate for Driven Side'),('83E0C9737CC24EF1897773E80B79CD5D','Y14','L3','9',24,'C. Dominik','2014-01-31','Clutch Plate for Driving Side'),('97ABA59F422749F6B8DCA02A301743E9','Y14','L3','9',25,'D. Brandon','2014-01-31','Used For Drawing'),('CF73A96041F842BBA45AD065A4339C85','Y14','L3','9',26,'D. Brandon','2014-01-31','Used For Drawing'),('677AB0FCB4E04EA2AC98FDAE4779815B','Y14','L3','9',27,'D. Brandon','2014-01-31','Motor Assemble using Chain drive'),('6E018D1C825D437AB9DA58F646EAA917','Y14','L3','9',28,'D. Brandon','2014-01-31','Shoulder Bolt for Example Motor Assembly using Links'),('938344E0A48A46BCB79C8590CEA0E426','Y14','L3','9',29,'D. Brandon','2014-01-31','Spin Plate for Linage Example'),('E61F301C948842958DCCD7EDA398BC80','Y14','L3','9',30,'D. Brandon','2014-01-31','Series 25 Chain'),('E99F3C1618E24025858737CC988172DA','Y14','L3','9',31,'D. Brandon','2014-01-31','Motor Bracket for Example Motor Assembly'),('CEB2A24C769A4AEDB5D1B290F2A68465','Y14','L3','9',32,'D. Brandon','2014-01-31','Version 4 of Launcher Assembly as of Thursday, 1/30/14'),('3C1A65B8009146D287D3A46B36193689','Y14','L3','9',33,'D. Brandon','2014-01-31','16 Tooth Sprocket, 1/2\" Bore, Keyed, Series 25, Andymark, AM-0277'),('1AE09EFEB5C343D6972E501DCB3A219E','Y14','L3','9',34,'D. Brandon','2014-01-31','66 Tooth Sprocket, 1.125\" Bore, Series 25, Andymark, AM-0238'),('9D3BEE50D4914BFE9F358E516E83C562','Y14','L3','9',35,'D. Brandon','2014-01-31','Machined Axle for Drive Side of Swing Arm'),('B3BFAE0E4BD947C2A4161CDFB18BCD2A','Y14','L3','9',36,'D. Brandon','2014-01-31','Plug that goes inside ends of Main Swing Arm'),('4231481B5DC94B5F81073BC8F8BEB768','Y14','L3','9',37,'D. Brandon','2014-01-31','#10 Screw, about 3/8\" long'),('F70D7B78093E4A0A8D5F385EF2DA8368','Y14','L3','9',38,'D. Brandon','2014-01-31','#10 Screw, about 5/8\" long'),('74AAD761480A4110B301BF4C2B4FF133','Y14','L3','9',39,'D. Brandon','2014-01-31','Separator Sleeve between Big Sprocket and Stanchion'),('1F53B2E86B234081A47DA687D3D743D3','Y14','L3','9',40,'D. Brandon','2014-01-31','C-Type Retaining Ring, for 1/2\" Shaft, Andymark am-0206'),('C3E1C79DFFAF4016AA23D77ABD21B6F7','Y14','L3','9',41,'D. Brandon','2014-01-31','1x1 Strut to hold Rocker Arm'),('5F370D8E885C4B0D832FDCD35E042626','Y14','L3','9',42,'D. Brandon','2014-01-31','Air Cylinder, Bimba Andymark, AM-0292'),('EAF248365EE64771969E2C8C0871502D','Y14','L3','9',43,'D. Brandon','2014-01-31','Push Plate to Drive Clutch'),('1F744905A03F4169AFA609BE2603BBE9','Y14','L3','9',44,'D. Brandon','2014-01-31','Side Support Bar'),('5DF87E8888B94ACD9D761D136FDF7F62','Y14','L3','9',45,'D. Brandon','2014-01-31','1/2\" Tie Rod'),('17874E3FA35D4C5AA7BB5E3BE4A45072','Y14','CH','9',9,'K. Dominguez','2014-02-02','Chassis - Bumper Connector'),('2E3A5514C29B4B87911918C48FB7A0A8','Y14','CH','9',10,'C. Dominik','2014-02-03','Chassis - Bumper Connector'),('D6BB003163014E73851D9C5C3A16F8C1','P15','KJ','0',1,'K. Dominguez','2015-01-04','Prototype Assembly'),('D561CA9ED59C4FB893E0571A6D3BCDD4','P15','KJ','1',1,'K. Dominguez','2015-01-04','Basic Base'),('A58939AFCBD94DF09A863DF2AC01759C','P15','KJ','1',2,'K. Dominguez','2015-01-04','Basic Wheel'),('C0740FD7A8684F369E21959E4D3C9232','P15','KJ','0',2,'K. Dominguez','2015-01-04','Bailer Arm Assy'),('7DCE25E587D1487CBFC78FB1DF48C91C','P15','KJ','1',3,'K. Dominguez','2015-01-04','Frame - Bailer Arm'),('31C7CE78BCB941B49FE31C7611566758','P15','KJ','1',4,'K. Dominguez','2015-01-04','Wheel - Bailer Wheel'),('55B94CACE8CC46BA9DB131E890D0BC50','P15','KJ','1',5,'K. Dominguez','2015-01-04','Rod - Upper Bailer Row'),('8F851120010643778701FDD3AA1E30E1','P15','KJ','1',6,'K. Dominguez','2015-01-04','Pin - Lower Bailer Row'),('680B8617C02F4544BD8E50DCC8C3421C','P15','KJ','1',7,'K. Dominguez','2015-01-04','Pitch Rotater - Bailer Arm'),('D8352BA4B7134010B9211390BE8A0D0A','P15','KJ','1',8,'K. Dominguez','2015-01-04','Yaw Rotater - Bailer Arm'),('277CDBC1F6D948278A6B5071CF6545D7','P15','KJ','1',9,'K. Dominguez','2015-01-04','Pin - Rotater Device'),('EE126319387840839BA694D0BD5E14EB','C15','CH','2',1,'C. Granch','2015-01-24','Wheel Spacer (ID = .51, L = 1/2)'),('0E0FF422F90F4296A1120AA0E24B9E95','C15','CH','2',2,'C. Granch','2015-01-25','Wheel Spacer (ID = .51, L = 1/8)'),('161ADF1C1D2C476FB3DEA8ECD49752A0','C15','CH','2',3,'C. Granch','2015-01-26','Wheel Spacer (ID = .51, L = 1/4)'),('61441FCF1B364ADAB919C380DB38C8F7','C15','CC','1',1,'L. Furlong','2015-01-01','moving Claw rib'),('7B78DD85FAFE409BAB32D22754126CD6','C15','CC','1',2,'L. Furlong','2015-01-01','Moving Claw axle'),('60093A77828F4BAC95DF36B23C13D591','C15','CC','1',3,'L. Furlong','2015-01-01','Moving Claw Back sheet'),('88180498FC1446CC820111C6B97EBA93','C15','CC','1',4,'N. Dekker','2015-01-24','Claws back braces'),('F522EF8A91AF4C48A4EBA6560A80EFBB','C15','CC','1',5,'N. Dekker','2015-01-24','Claws Back plate'),('F87A0F83D9994554ADAD9FC16EBA94ED','C15','CC','1',6,'L. Furlong','2015-01-24','Moving Claw Piston Conection'),('060E6787DB384DEDB8C0446E6B710244','C15','CC','1',7,'N. Dekker','2015-01-24','Sationary Claw Rib'),('1930591D02FF4B75AFD58F2013447CF5','C15','CC','1',8,'N. Dekker','2015-01-24','Piston rod'),('757F8B3F9AA543E08798CDE2A589F732','C15','CC','1',9,'N. Dekker','2015-01-24','Piston core'),('5A1AB3C8E93243A48F41996426074CFC','C15','CC','0',1,'L. Furlong','2015-01-01','Moving Claw'),('4D77744AF72D43AB8ACC3448A2A416B3','C15','CC','0',2,'L. Furlong','2015-01-24','Moving Claw and back '),('AF1BACDEA985466487382D00570EFA74','C15','CC','0',3,'N. Dekker','2015-01-24','Claw Piston'),('82281693B92A418AB9550C6877997219','C15','FW','1',1,'N. Dekker','2015-01-24','Wing Small'),('D58F8260718B4629A9549C9EC7FB5920','C15','FW','1',2,'N. Dekker','2015-01-24','Wing Med'),('0AC35BFD10284BC3A69C1692B52F9096','C15','FW','1',3,'N. Dekker','2015-01-24','Wing Large'),('EA7492F8B1AD404196F7274212CBEEEC','C15','EL','2',1,'C. Granch','2015-01-24','D-Link Support'),('BEA4CC61A4264643A53BB5CFE67DA597','C15','FW','1',4,'L. Furlong','2015-01-24','Hinge pin'),('5C6B8266A5EE48089ED644494AFA717E','C15','FW','1',5,'L. Furlong','2015-01-24','Hinge Leaf Left'),('F0BC7DCDE13A4D9DAB2FF2A61BFF2D12','C15','FW','1',6,'L. Furlong','2015-01-24','Hinge leaf right'),('98D8C7AA7EEA4DF582E5378DA705D7B5','C15','FW','1',7,'L. Furlong','2015-01-24','FW mid rod'),('E16D545BA6AB43AF88B934AAD2D3960D','C15','FW','0',1,'L. Furlong','2015-01-24','Hinge'),('39C95005C4CD437D998891D2C1BB0E2B','C15','FW','0',2,'L. Furlong','2015-01-24','One FW'),('F3C0BBA4587D4C3C9D3663BA5015F16E','C15','FW','0',3,'L. Furlong','2015-01-24','Wing on rod'),('666308DE75E841DF9B108FD9D5F491E2','C15','CH','1',1,'L. Furlong','2015-01-26','Basic Chassis'),('5EAD077D697042CE8C116ED62E30F388','C15','GR','0',1,'L. Furlong','2015-01-26','General Robot Assy #1'),('7764B8EEADB345B6A83661166BCCD42E','C15','EV','1',1,'N. Gardner','2015-01-26','Wrist Plate'),('ADB850D66C7644999CB33A67F3573C33','C15','HG','1',1,'C. Dominik','2015-01-27','Happy Gilmore Support'),('C160218E1FE84A839DB7F044CB125594','C15','CH','1',2,'K. Dominguez','2015-01-27','Extended VersaBlock'),('1B76D6803DCC42A88D309022833BE864','C15','CH','2',4,'K. Dominguez','2015-01-28','VersaBlock Spacer'),('25D23EA89FB64EA3BF1BEB7FC2796507','C15','CH','0',1,'K. Dominguez','2015-01-28','Motor Mounting Example'),('3AE6439CFBE8430F887C7B681664036C','C15','CC','1',10,'N. Dekker','2015-01-28','Piston hinge'),('8DF6EC4A21F147BABA381389A46A1AAC','C15','CC','1',11,'N. Dekker','2015-01-28','Piston hinge rod'),('0E840064C12C4CD78D72C08B4F367E05','C15','CC','1',12,'L. Furlong','2015-01-28','New Moving Claw'),('45AF44F7749D43B0B279C4C62FA01579','C15','CC','1',13,'L. Furlong','2015-01-28','New Stationary Claw'),('400A269E4EFF4DC8B6BF61686FDD1AD8','C15','CC','1',14,'L. Furlong','2015-01-28','New Claw suport plate'),('A93A443014C04CB39B5FD2188ACDAE19','C15','CC','1',15,'N. Gardner','2015-01-28','New Claw Back plate'),('6E244B30896445678B5E72EBB2C169D6','C15','EV','1',2,'L. Furlong','2015-01-29','Wrist tube'),('3276801B11AB4CB5B1FB976297357DFB','C15','EV','1',3,'L. Furlong','2015-01-29','Wrist tube flange'),('80E3C4E4714249E8B3DAD59ACA8550EC','C15','GR','0',2,'L. Furlong','2015-01-29','Base and elevator'),('E558F838BCCE4943B8B19B2309A41AEE','C15','GR','0',3,'L. Furlong','2015-01-29','Base, Elevator and Claw'),('E7257931EE3A4BBCA6AAE514314350F9','C15','CH','1',3,'K. Dominguez','2015-01-29','Chassis Base Bar - Long'),('66C680A91E054FCA83078EE4CBBFBBE7','C15','CH','1',4,'K. Dominguez','2015-01-29','Chassis Base Bar - Short'),('3D841D2FBB8E40188E667763F261E720','C15','CC','1',16,'N. Gardner','2015-01-29','Support Middle Bar'),('036FD13F6E424851AB990A4A0935F6BE','C15','CC','1',17,'N. Gardner','2015-01-29','Support Side'),('A95C0F823127462EBD3BD99375D4EF99','C15','CC','0',4,'N. Dekker','2015-01-29','Piston Assy'),('EE2397100B914E4A9F18E9FC0991B3A9','C15','CC','0',5,'L. Furlong','2015-01-29','Caleb Claw V 2.0'),('D22241AFA4D04077BAE3571B91B3BF95','C15','CC','0',6,'N. Gardner','2015-01-29','Support Bar Assy'),('020F9B1AA4734C60B050AEFD536789B6','C15','CH','0',2,'K. Dominguez','2015-01-30','Main Chassis Assy'),('E63AB523C886437285FD159BC27141A5','C15','EV','1',4,'U. Unknown','2015-01-01','Elevator Crossbeam'),('DE7AE0E9783440768C34BFF3480C7E23','C15','EV','1',5,'N. Gardner','2015-01-30','Wrist Mounting Plate'),('F1B24FD63A6F43998F9BC15401B1889C','C15','CC','1',18,'Y. Ghebreyesus','2015-01-31','Cross Member'),('4E51BADE8B4C45E7B5390C3B7062A83E','C15','CC','1',19,'Y. Ghebreyesus','2015-01-31','Cross Member'),('AE5468BA4E994225B89FD2B1A6A79E29','C15','CC','1',20,'Y. Ghebreyesus','2015-01-31','Lower Doubler'),('BA39B6C5901E4679A2F6D8E74F2EB0DC','C15','CC','1',21,'Y. Ghebreyesus','2015-01-31','Upper Doubler'),('527E859285044B9AACF521A0DD215B0B','C15','CC','1',22,'Y. Ghebreyesus','2015-01-31','Lower Claw Back Plate'),('40BDA7A92C8246F99EF7780454C013FA','C15','CC','2',1,'Y. Ghebreyesus','2015-02-02','Wheel Spacer'),('4F7EE3396A9A4DB2A1EA48C7456EC2A1','C15','CC','2',2,'Y. Ghebreyesus','2015-02-02','Wheel Spacer'),('CE2804A365494DDBAD64A2CEB86BE2A2','C15','CC','2',3,'N. Dekker','2015-02-02','Wheel Spacer'),('3B789948D5C7464587AF09C675E65B87','C15','CH','1',5,'Y. Ghebreyesus','2015-02-02','Crossbeam Chassis'),('898658B1AD63425D8478E3CE997FBF15','C15','EV','1',6,'C. Dominik','2015-02-02','Elevator Support Plate'),('9C39CBB5FAEC489E97D633E61B01D790','C15','EV','1',7,'C. Dominik','2015-02-02','Wrist De-Coupling Joint'),('122990BB8C9745C78944CAF6EC7C84D9','C15','EV','1',8,'C. Dominik','2015-02-02','Wrist De-Coupling Plate'),('145E21F857934D4CBA03D9020B26CBF4','C15','EV','1',9,'P. DeVries','2015-02-02','Wrist Bushing'),('84718C3D629849C58A6B4495B434F369','C15','EV','1',10,'K. Dominguez','2015-02-02','Elevator Crossbeam'),('667B5CC7B3E7429D9A6D80177C3FF6D8','C15','CH','1',6,'N. Dekker','2015-02-03','Happy Gilmore Support Tube'),('CE0B140062E244E0B7BC8AC828EC62D1','C15','EV','1',11,'N. Gardner','2015-02-03','Elevator X Beam Support'),('36977B39CF3B4116A518FE962E5DCDA8','C15','EV','1',12,'Y. Ghebreyesus','2015-02-06','Elevator Support Beam'),('CBB902C5281747F7B8D4EFD35265D5E1','C15','EV','1',13,'P. DeVries','2015-02-07','Elevator Pully Mounting Bracket'),('56D5E4B80C994CB3BAC1F677C0AA6F30','C15','EV','1',14,'N. Dekker','2015-02-07','Pully Shaft'),('57BA860CBD394FF7828ABBA83F1850A0','C15','EV','1',15,'Y. Ghebreyesus','2015-02-07','Wrist De-Coupling X Beam'),('BCE70F458C2D426DA9DC6FA5F6CC756F','C15','EV','2',1,'P. DeVries','2015-02-07','Spacer - Winch'),('109ABA45BE114A9090255E8433976DD9','C15','EV','2',2,'P. DeVries','2015-02-07','Spacer - Winch'),('59B70E7CD3444595A7B0CFA7D7609FC8','C15','EV','2',3,'P. DeVries','2015-02-07','Elevator Pully - Bottom'),('B634DEF8AEA346FBAB5A42B660FE14B6','SPP','PT','2',1,'N. Dekker','2015-02-07','Pit Monitor Mount Front'),('89DC511BF1014593A467E68A453021FF','SPP','PT','2',2,'N. Dekker','2015-02-07','Pit Monitor Mount Back'),('ACB1B00C98734C358A5D66A5656263F7','C15','EV','1',16,'K. Dominguez','2015-02-13','????'),('66099088E4E84C0F98A2D7F492DB88CB','C15','EV','2',4,'P. DeVries','2015-02-07','Elevator Pully - Top'),('1DB89D36CA5348AEB861A5E00611E85C','C15','HG','0',1,'C. Dominik','2015-01-01','Happy Gilmore V1'),('5833C7B7AED5473AA1E7DBE69AEA3B8D','C15','HG','0',2,'C. Dominik','2015-01-01','Happy Gilmore V2'),('B6DDA23450324930BD092EFA5C7F36D6','C15','HG','0',3,'K. Dominguez','2015-02-14','Happy Gilmore V3'),('53DB1019848C4230AB12D504C254C38C','C15','HG','1',2,'C. Dominik','2015-01-01','???'),('B6E261A75B8A465D9DF550964AFD579E','C15','HG','1',3,'C. Dominik','2015-01-01','???'),('56681C43C30641C3A8B3FF8AAF9EAEB0','C15','HG','1',4,'C. Dominik','2015-01-01','???'),('76F6028EB3ED4838A13BB79C175716BA','C15','HG','1',5,'C. Dominik','2015-01-01','45 Degree Angle Gusset'),('A32D4A133E724A2AAA74802199046F60','C15','HG','1',6,'C. Dominik','2015-01-01','a'),('F92B5234AF5E407E97B818EB38DBA384','C15','HG','1',7,'C. Dominik','2015-01-01','???'),('2CA9A6B4247F4B23B5F631B6392B6320','C15','HG','1',8,'K. Dominguez','2015-02-14','Vertical 80/20 Shaft'),('B0695DB470954A5ABD276361494D932D','C15','EV','2',5,'N. Dekker','2015-02-14','Motor Mount Spacer'),('64AD5A4DC14148568B2A044E2B3CD549','C15','HG','1',9,'K. Dominguez','2015-02-14','HG Mounting Bar, 80/20'),('20385EF912054EEDBEE68B60E725ACEF','C15','HG','1',10,'K. Dominguez','2015-02-14','HG Axle Bar, 1x1 Tube, 1/8th wall'),('557C3BAC7AEC432186D633654A6246CC','C15','HG','1',11,'K. Dominguez','2015-02-14','HG Brace Bar, 80/20'),('299B9A8F18D743A29AA9AD361A94220A','C15','EV','1',17,'K. Dominguez','2015-02-13','Elevator Pully Motor Mount Plate'),('B4DB21FE9DBD41CA86A52B90666482F9','C15','EV','1',18,'K. Dominguez','2015-02-17','Upper Pully Set Axle'),('3C40BE074D464F73AF61676E3B7D81DA','C15','CC','0',7,'C. Dominik','2015-02-21','Caleb Claw V 3.0'),('B1033DE45D3643FA9391492468DC8B61','C15','CC','1',23,'N. Dekker','2015-02-21','Heel Plate - Bottom'),('2E3634633A2F4101B6C21489871C802B','C15','CC','1',24,'Y. Ghebreyesus','2015-02-21','Heel Plate - Top'),('DFB5CE66278E4C76BF4717BFEDE1B0B1','C15','CC','1',25,'Y. Ghebreyesus','2015-02-21','L Bracket'),('199ABF09AC1447E0A3905307BAF29D5B','C15','CC','1',26,'N. Dekker','2015-02-21','Piston Mounting Intercostal'),('64D1591D7B8946189A2823E0823126EB','C15','CC','1',27,'Y. Ghebreyesus','2015-02-21','Pivot Pin'),('C71DE1D659AE422597200E45454390E8','C15','CC','1',28,'P. DeVries','2015-02-21','Claw End Intercostal, Top'),('31C3DE18404F466FA82388EB45E9E8A7','C15','CC','1',29,'N. Dekker','2015-02-21','Claw Top Skin Plate'),('144D296E03C74B288F45EB23270DDBA7','C15','CC','1',30,'Y. Ghebreyesus','2015-02-21','Piston End End Connector'),('F1776F62E12640E991D0ED57F92CAC1B','C15','CC','1',31,'U. Unknown','2015-02-21','Claw End Intercostal, Top'),('AB106DDA5FEC49A8BAEABD38A12A6A75','C15','CC','1',32,'U. Unknown','2015-02-21','Claw End Intercostal, Bottom'),('FAC4618D675B43FA80CA8D695373B7DB','C15','CC','1',33,'K. Dominguez','2015-02-23','Claw Top Intercostal'),('C239DD1FA55948048C9FD21EA05A3006','C15','CC','1',34,'K. Dominguez','2015-03-06','Hex Shaft'),('3B9A7EB9B809489F90D8879F09EA751E','C15','CH','1',7,'K. Dominguez','2015-03-06','HG Support Bracket RH'),('2142A3B1B0AC4A8DA938359B0BDCBA37','C15','CH','1',8,'K. Dominguez','2015-03-06','HG Support Bracket LH'),('00B7195D9964484FBFE4765A4DB735F5','C15','CH','1',9,'K. Dominguez','2015-03-06','Electronics Shelf'),('FADF8C70B3A946F48881C49B5035C841','C15','CH','1',10,'K. Dominguez','2015-03-06','Electronics Shelf Liner'),('A80ED4542F664C1A9F14A88502C4625C','C15','CH','1',11,'K. Dominguez','2015-03-06','Chassis Base Plate'),('6D94CDCDE38D463D87A7734C98C6596C','C15','EV','1',19,'K. Dominguez','2015-03-06','Elevator Side Plate'),('2458E633E0AA496AA2DFE0D148A73A2F','C15','EV','1',20,'K. Dominguez','2015-03-06','Elevator Bottom Shaft'),('195A5055872143438970D8427265F05E','C15','CC','1',35,'K. Dominguez','2015-03-07','Wheel Shaft'),('E62EC81F914348E7A9632691F423152C','C15','EV','1',21,'K. Dominguez','2015-03-07','Elevator Chain Guard'),('414A340075944CEBB4F43BA05BF4A9E2','C15','GA','2',1,'K. Dominguez','2015-03-07','Window Motor Hub'),('88D6AC072C174E7FA9ABB4410381C9BF','C15','HG','1',12,'N. Dekker','2015-03-09','HG First Arm'),('28CF7A21094144DFAFA30E11D8C3D3CB','C15','HG','1',13,'N. Dekker','2015-03-09','HG Middle Arm'),('224C6CE36A5E4618B05A8435E4005AC0','C15','HG','1',14,'N. Dekker','2015-03-09','HG Last Arm'),('52AED8114EAC4C74A0523A387E494557','C15','HG','1',15,'N. Dekker','2015-03-09','Guide Wire Bracket, Far End'),('432E2BF67EA14FFE9F04DD1F129E7AF6','C15','HG','1',16,'N. Dekker','2015-03-09','Guide Wire Bracket, Far End'),('9BD6B721C7A343FE82E87CF58804A17C','C15','HG','1',17,'N. Dekker','2015-03-09','Guide Wire Bracket, Near Side'),('C948EC10676C4E7A8ED00C793E3C3F0F','C15','HG','1',18,'N. Dekker','2015-03-09','Bearing Holder, U-Shaped'),('0BDE9D035B7F42018A2115A098713329','C15','HG','1',19,'N. Dekker','2015-03-09','Bearing Holder, Modified C Shape'),('67BB8491579A4A42B970C4DBD0C9334E','C15','HG','1',20,'N. Dekker','2015-03-09','Bearing'),('90FDD308833E4547BEDDA10DC1B1F301','C15','HG','1',21,'N. Dekker','2015-03-09','Bearing Mounting Plate'),('E65A28AE7D8A4D9C932BB77FF721DC5D','C15','HG','1',22,'N. Dekker','2015-03-09','Pivot Arm'),('EA7841B3C1714C17AA89D915FB40B15D','C15','HG','1',23,'N. Dekker','2015-03-09','Pivot Arm Support Beam'),('C8553B0CB9DC49D1A71F3002994D9320','C15','HG','1',24,'N. Dekker','2015-03-09','Pivot Arm Support Beam, Angled'),('19007793E6C7484893B667373042B428','C15','HG','1',25,'N. Dekker','2015-03-09','Hinge Bracket'),('97E64228DCBF459C87A1DBFBDD6E4B74','C15','HG','1',26,'N. Dekker','2015-03-09','Double Bearing Mount'),('725920BD452449869B3B52BFEABCE4BC','C15','HG','1',27,'N. Dekker','2015-03-09','Servo Mount Plate'),('1CD9AB469A0544568468F757EAC6B9F6','C15','HG','0',4,'N. Dekker','2015-03-09','HG Assy Arm, V3'),('2897DDF885664F349FD285C0BB09B72A','C15','HG','1',28,'N. Dekker','2015-03-09','Hinge Bracket Spacer'),('D2EAFD631D88489CB82C6EA5E2159758','C15','HG','1',29,'N. Dekker','2015-03-09','Hinger Bracker Washer'),('9482130EBFFE440099E8686D1F2008FC','P15','FW','1',1,'C. Dominik','2015-09-29','Mount'),('85858688FD16478D859D737DC8C37F10','P15','FW','1',2,'C. Dominik','2015-09-29','mount 2'),('B03291C7ECDF4CBE9D47068CB8F336FF','P15','FW','1',3,'C. Dominik','2015-09-29','the other lever'),('9DD089BD93D14812B8A61FF4005217FD','P15','FW','1',4,'C. Dominik','2015-09-29','finger lever'),('D2736290A2FE4744896C777D6F57594B','P15','FW','1',5,'C. Dominik','2015-09-29','base'),('DCF1A307FDC54F3A8E55BA76A2950C19','P15','FW','1',6,'C. Dominik','2015-09-29','fly wheel'),('45350B0FC63F4A30A4C53CE6AA6B9D7D','P15','FW','1',7,'C. Dominik','2015-09-29','spinner'),('AD623A37F7294E18B4F19C21ED79F6C0','P15','FW','0',1,'C. Dominik','2015-10-06','fly wheel Assy.'),('8F04586713A34876B174FC35BB383A83','P15','SP','2',1,'Y. Ghebreyesus','2015-10-06','Bracket Brace'),('D82975779D4C4688811603D466A019DF','P15','SP','2',2,'Y. Ghebreyesus','2016-10-13','Bracket Brace 2'),('7CAF57ED4CCF4A43809BC845EA969658','P15','SP','2',3,'C. Dominik','2015-10-17','Angel Braced'),('8D0E10C365AB4246AE6598B96C87D644','P15','CN','1',1,'C. Dominik','2015-10-17','Proximity Sensor Holder'),('8DDEC015296344BA89C8FA2DFFF624D9','P15','CN','1',2,'C. Dominik','2015-10-17','Proximity Sensor Trigger'),('7A837532B03144838C51A46A1EC485C3','P15','CN','2',1,'C. Dominik','2015-10-17','Proximity Sensor Mount 1'),('84D969863F0D4018A0D045D5BE3A8EA8','P15','CN','2',2,'C. Dominik','2015-10-17','Proximity Sensor Mount 2'),('6EC97653D2194C02BAC1269BAAE39E07','P15','CN','3',1,'C. Dominik','2015-10-27','Vacuum Mount'),('B9F570F56BBB4C738237F65863FB3396','P15','CN','4',1,'R. Carranza','2015-10-27','Z-Bracket Mount'),('A381AA8187844FADAB58A7151634FCEC','P15','CN','4',2,'R. Carranza','2015-10-27','Z-Sensor Tripper'),('4EBBDEF8090B4A23B642332BF8438195','P15','MF','4',1,'C. Dominik','2015-10-31','Shooter Base'),('F8F2E4D2A8F8424E891DFC61E165F2F2','P15','MF','4',2,'C. Dominik','2015-10-31','Frisbee Guide'),('EEF0318870854B9DA03F348BFB2BDB43','P15','MF','0',1,'C. Dominik','2015-10-31','Mini Frisbee Shooter V1'),('3D1F3C0D8D874CCD9A0F194CC119DC32','P15','MF','4',3,'L. Furlong','2015-11-14','Magazine Guide Ring'),('072EE41D9FD84F8B82C37BFEAE9CEB55','S16','CD','0',1,'C. Dominik','2016-01-14','4 Wheel Chassis Assy'),('0D4C76697CB9448091C281451115B95A','S16','CD','4',1,'C. Dominik','2016-01-14','4 Wheel Chassis Wheel'),('B19787C898534525BCD8C82E8A8AA1E5','S16','CD','4',2,'C. Dominik','2016-01-14','4 Wheel Chassis'),('50B467E6CEFB412E85CCB3CF6889904A','S16','CD','4',3,'C. Dominik','2016-01-14','6 Wheel Chassis - Chassis'),('77B9CF1A9FF54C918110AF5C4F70C3DF','S16','CD','0',2,'B. Long','2016-01-14','6 Wheel Chassis'),('35E5D1C2083E4E9F899F5C4887735CEC','S16','CD','4',4,'B. Long','2016-01-14','6 Wheel Chassis Wheel'),('B8E632520E8B4D2FAE9C67D9E5D76763','S16','CD','4',5,'K. Dominguez','2016-01-16','Tank Drive Wheel'),('4B4ACEB490824AF086C302DAD74FFA0B','S16','CD','4',6,'K. Dominguez','2016-01-16','Tank Drive Chassis'),('2568642CB03D4FF3BF147A752408F718','S16','CD','0',3,'K. Dominguez','2016-01-16','Tank Drive Assy'),('67B8E0AE201D49AF89079C8D48A12AA0','P15','PR','2',1,'K. Dominguez','2016-01-18','Prototype 6 Wheel Chassis Base Plate'),('1F09CA9F8199427EBFE98325D4582A8D','P15','PR','0',1,'K. Dominguez','2016-01-16','6 Wheel Prototype Chassis Assy'),('357D99DC122A414FAD462974D8FF052C','S16','CD','0',4,'K. Dominguez','2016-01-18','Tank Drive V2.0'),('A016E95B25154483BE45A66A2D540488','S16','CD','2',1,'K. Dominguez','2016-01-18','Tank Drive Lower Wheel Base'),('7D8BE9C84C434025B615AFC77BFC5980','S16','CD','1',1,'K. Dominguez','2016-01-18','Idler Mounting Bracket'),('B8EC3EF80F4D42D6917A8504CFB7332E','S16','CD','4',7,'K. Dominguez','2016-01-18','Idler'),('0DE52EA21914486E8D53D21857C853EB','S16','CD','4',8,'R. Carranza','2016-01-21','Small center wheel'),('8F36BBDDBB98461CA680F25719013BAA','S16','CD','4',9,'S. Wang','2016-01-21','Large outer wheel'),('526AFDDA8718489280C30691C50BCA65','S16','CD','4',10,'R. Carranza','2016-01-21','Frame'),('306335048A13479BB7451B06ACE32AC8','S16','WH','1',1,'R. Carranza','2016-01-22','Wheel - Outer Wall'),('12C19F6EF2C1491EAA756CBD228A7ECD','S16','WH','1',2,'R. Carranza','2016-01-22','Wheel - Inner Wall'),('6DED0153F8DF4F7EBAE7D628C18FB868','S16','WH','4',1,'R. Carranza','2016-01-22','Wheel - Center Shaft'),('C5964FD2BB37484D9714339A6CC4B768','S16','CH','2',1,'K. Dominguez','2016-01-23','Chassis Bar - Long'),('FD970AFFDCE14D2DB0843929820FB881','S16','CH','2',2,'K. Dominguez','2016-01-23','Chassis Bar - Short'),('2B332C36968F4FD0B5D1322BEC876C4F','S16','CH','0',1,'K. Dominguez','2016-01-25','Chassis V0.0'),('D57FBA5117C94238A585D5F7D9266966','S16','CH','2',3,'K. Dominguez','2016-01-25','Chassis Base Plate'),('5E299A9C21FD4492B1F28896FBCE0260','S16','CH','2',4,'S. Tefera','2016-01-25','Bumper - 30\" Bumper Mount'),('E43E965E01904E5A9CC84601A8162310','S16','CH','2',5,'B. Long','2016-01-25','Bumper - 8\" Bumper Mount'),('A5341D7634674F8DA2990C9E7133BBCF','S16','CH','2',6,'S. Tefera','2016-01-25','Bumper - Mounting Bracket, Side'),('F5CE43B7BD87434FA634AA1E18D8BB34','S16','CH','2',7,'B. Long','2016-01-25','Bumper - Mounting Bracket, FWD'),('3D1346096EDD42E481D8EA83148A4FCD','S16','CH','0',2,'S. Tefera','2016-01-26','Bumper - Assy V0.0'),('57FB3FE987CF449FA374E2628BC03ECB','S16','CH','0',3,'C. Dominik','2016-01-28','Bumper - Assy V1.0'),('D88E18CE54D44E24B753D38292EC1FF5','S16','WH','4',2,'R. Carranza','2016-01-28','Wheels - Wheel Center'),('B6A62A3CBA814CBB93E15C0C552309FC','S16','WH','4',3,'R. Carranza','2016-01-28','Wheel - Wheel Lip'),('2EA1AACAFDC743FFA3664087C8149DBC','S16','WH','0',1,'R. Carranza','2016-01-28','Wheel - Assy V3.0'),('73882AAAE54D49818AF73C7D3DE2AD0C','S16','BB','2',1,'B. Long','2016-01-30','Bailer Arm'),('C1434BE94B014F369E0C86A827095C14','S16','BB','2',2,'S. Tefera','2016-01-30','Bailer Roller'),('D5F4669C4B2D44DDB4447EF5E98A91C0','S16','SH','1',1,'P. DeVries','2016-01-30','Shooter - Outer Wall'),('E9E5CEF114FA446782A6F89876E16C03','S16','BB','0',1,'B. Long','2016-01-30','Bailbar'),('4DB32539E6FB4DDBB354CD3D7D852EB0','S16','SH','1',2,'P. DeVries','2016-01-29','Shooter - Upper Intercostal'),('AEB8DEB73084447498B741F9364A7291','S16','SH','1',3,'P. DeVries','2016-01-29','Shooter - Guide Wall'),('76186407BD1640F99AB774CC25E40DBA','S16','SH','1',4,'P. DeVries','2015-01-29','Shooter - Middle Intercostal'),('0CE3570109754B44A7D627AE0F1666E6','S16','SH','1',5,'P. DeVries','2016-01-29','Shooter - Guide Intercostal'),('D92FA17B9F644C5398517F829B0246EA','S16','SH','1',6,'P. DeVries','2016-01-29','Shooter - Adjustable Shot'),('99DCBEC0CDCC4472B711E19892E2FB56','S16','SH','1',7,'P. DeVries','2016-01-29','Shooter - Adjustable Shot Intercostal'),('CAF9F4D80ACD4A5CB86008301DF7882A','S16','SH','1',8,'L. Furlong','2016-01-30','Shooter - Outer Wall V2.0'),('1F07B6703E4241EFA6F93906A7DB28E3','S16','SH','1',9,'L. Furlong','2016-01-30','Shooter - Guide Wall V2.0'),('BD3FF5C874174B26B4A2BE63278A7113','S16','SH','1',10,'L. Furlong','2016-01-30','Shooter - Guide Intercostal'),('6B61CF8362CB4B6E91A471B14C0CCC84','S16','SH','1',11,'L. Furlong','2016-01-30','Shooter - Shooter Wheel Axel Stanchion'),('13EBB50E656F484FA2CAB9312A423E0A','S16','CH','0',4,'K. Dominguez','2016-01-30','Chassis - Chassis Assy V2.0, Opt. A'),('2F67D1583C2D4852A14586A1F266D086','S16','CH','3',1,'C. Granch','2016-01-30','Transmission Spacer'),('193B6E0A10694D2C982E2A5E25398691','S16','WH','0',2,'R. Carranza','2016-01-30','Wheel - Assy V4.0'),('BBB531A4DB614D8DAB87CC65BF9D6047','S16','CH','2',8,'K. Dominguez','2016-01-31','Chassis - Frame, Long V2.0, Opt A'),('CD803A5D71C84F27BDA3A273C3FE6805','S16','CH','0',5,'K. Dominguez','2016-01-31','Chassis - Chassis Assy V2.0, Opt B'),('C09180FF62A14DFEBE7E06B906A213AA','S16','CH','2',9,'K. Dominguez','2016-01-31','Chassis - Frame, Long V2.0, Opt B'),('2B3B77D843784BF6AC08163E35721909','S16','CH','0',6,'K. Dominguez','2016-01-31','Bumper - Assy V2.0, Opt A'),('76280457EDAB416BB0DD35CB81B5CD16','S16','CH','0',7,'K. Dominguez','2016-01-31','Bumper - Assy V2.0, Opt B'),('F06230358407494E80182EE1C1395F99','S16','CH','4',1,'K. Dominguez','2016-01-31','Chassis - 6in Wheel Stand In'),('B7CAC711A7B34572B0282E7BB991F138','S16','CH','2',10,'K. Dominguez','2016-01-31','Bumper - Mount, Long Member, Opt A'),('147D6E455CF64EEB829DD3720C9CACE8','S16','CH','2',11,'K. Dominguez','2016-01-31','Bumper - Mount, Long Member, Opt B'),('415480C654ED4381A0C68B4808EB5DBD','S16','CH','2',12,'K. Dominguez','2016-01-31','Chassis Base Plate, V2.0, Opt A'),('083C663F8DC9459BB20FEFAC3EA67469','S16','CH','2',13,'K. Dominguez','2016-01-31','Chassis Base Plate, V2.0, Opt B'),('223398B29B334CACB0148090F906235D','S16','SH','2',1,'B. Long','2016-02-01','shooter wheel axel frame'),('21F4EBB672BA4396B5D72B7D9BE568A5','S16','SH','2',2,'B. Long','2016-02-01','shooter motors mount'),('244546F439E549D799C3EC9FD438E8E6','S16','SH','2',3,'B. Long','2016-02-01','SHOOTER FRAME'),('D28CD7E0213D42DAB6ED5F75D67EF580','S16','CH','1',1,'K. Dominguez','2016-02-01','Bumper - Mounting Bracket, Side V2.0B'),('056529E2D804467F944B880DB9225862','S16','SH','1',12,'S. Tefera','2016-02-01','Shooter Guide Rails'),('175C5C4EF4824EAE89CE2DFECA782F48','S16','SH','0',1,'S. Tefera','2016-02-01','SHOOTER ASSEMBLY'),('93804EA1E94C4D7EA65CC4DBC4C927A0','S16','CH','2',14,'K. Dominguez','2016-02-01','Bumper - Mounting Bracket, FWD V2.0A'),('26D5CDFA256C45878F36EA0B1FECD504','S16','BB','2',3,'R. Carranza','2016-02-01','BALL GUIDE'),('A2A465D7D1DC4C1AA0043C8CE16664F2','S16','CH','1',2,'K. Dominguez','2016-02-01','Bumper - Mounting Bracket, Side V2.1A'),('E888D19E5A874503ABEC66877CA3312F','S16','ER','0',1,'C. Dominik','2016-02-01','Entire Robot v.1'),('9F61D6B5B2E9438584CF261C6ADFED39','S16','WG','0',1,'S. Wang','2016-02-01','Lift Supports'),('FF86B0D9E75F4EA09889E8CE8576B41F','S16','CH','2',15,'K. Dominguez','2016-02-02','Bumper - Mounting Bar, Long V2.1'),('0A185095C5D948DDADC3A24825628C6D','S16','SH','2',4,'S. Tefera','2016-02-02','SHOOTER SUPPORT BRACKET B'),('908E11B7E9F5483CBF7E3A76A34989E5','S16','SH','2',5,'Y. Ghebreyesus','2016-02-02','BALL GUIDE'),('6F915F69956A4CDC90AFC36F2192D7B1','S16','CH','1',3,'K. Dominguez','2016-02-04','Bumper - Mounting Bracket, Side V2.0A'),('D5CE23CCD1CC42969CDB06BD0FF59F33','S16','CH','1',4,'K. Dominguez','2016-02-04','Bumper - Mounting Bracket, Side V2.1A'),('03EDF6BC37F24DAA81DF8E716CEE7EF7','S16','CH','2',16,'K. Dominguez','2016-02-05','Chassis - Support Bar - Aft'),('613BFD0A9B074DED96396F218401C790','S16','CH','2',17,'K. Dominguez','2016-02-05','Chassis - Base Plate - Corner'),('F52848C1AD3D4E8FB79C55FA75906F7C','S16','WG','1',1,'B. Long','2016-02-05','Wedgie Cover Plate'),('6645853497604C3D94073921178F6121','S16','WG','1',2,'S. Tefera','2016-02-05','Wedgie Side'),('92D75AAE259240A492039AF02AACFEAB','S16','WG','0',2,'B. Long','2016-02-05','Wedgie'),('95DD2403ADCF40398C6E3BEA9CD0F261','S16','CH','2',18,'K. Dominguez','2016-02-05','Rear Cross Support'),('7B0C77C651C3408B889A7CAF444A98E4','S16','CH','3',2,'P. DeVries','2016-02-05','Bumper - Mount Spacer Block'),('A039A856607F4190A51443A7B5BADDFE','S16','CH','1',5,'K. Dominguez','2016-02-05','Chassis - Mid Support Beam'),('9AD7ED38F2A44047960C335707B73D6C','S16','WG','2',1,'L. Furlong','2016-02-06','Wedgie Cross Piece'),('5B1FF2A01D6F426C80E4826D00FFE3C9','S16','WG','3',1,'P. DeVries','2016-02-05','Guide tube mounting support'),('EAE702B28EA6447DA8A5D7F67F4B2662','S16','WG','1',3,'L. Furlong','2016-02-05','Mounting Plate'),('C5F0B0DF5A174D3BBB7AC4DCCD7CAFB3','S16','WG','2',2,'C. Granch','2016-02-06','Elevator Bar (80/20)'),('A258D39859384025A09CD4E98C4C69E1','S16','WG','2',3,'C. Dominik','2016-02-06','Lock Mount'),('92D992DB9DB34A4D984C1333D2955981','S16','WG','0',3,'C. Granch','2016-02-06','Breacher - Elevator Assy'),('EA6BB4C57B7C4CD19A4F32AF791FC74C','S16','WG','4',1,'C. Granch','2016-02-06','Breacher - Elevator Slide, Bottom'),('B1FA2E46993C42B08E51988645EECCC1','S16','WG','4',2,'C. Granch','2016-02-06','Breacher - Elevator Slide, Side'),('C51BCB63E6254EEF9FD91778B752820B','S16','WG','2',4,'C. Granch','2016-02-06','Breacher - Elevator Life Housing'),('8275AFCF55034607BC3CE0234466D68E','S16','WG','2',5,'C. Granch','2016-02-06','Breacher - Lift Motor Mount'),('C37B0542DBB24EBE97C065F10B61F59F','S16','WH','2',1,'K. Dominguez','2016-02-07','Wheels - Tread'),('648FEDECBBBD40BAB32C63A309758A3E','S16','ER','0',2,'K. Dominguez','2016-02-07','Entire Robot V2.0'),('8864D651A81948B0BECE0C4F0B08BF28','S16','SH','1',13,'P. DeVries','2016-02-07','Shooter - Intercostal'),('6B5166B1CE994DFFAF16D05E2563AD47','S16','WG','0',4,'C. Dominik','2016-02-07','Breacher - Lift w/Wedge'),('3E4FF14AB6F14EB58F5658CF79D6EE75','S16','SH','0',2,'P. DeVries','2016-01-29','Shooter - Assy V1.0'),('EB0C925A436043CD906B2F41B1F7AEC6','S16','SH','1',14,'K. Dominguez','2016-02-07','Shooter - Ball Guide V3.0'),('F2D08BA4C3D0428BA45A469FD4416F05','S16','SH','0',3,'K. Dominguez','2016-02-07','Shooter - Assy V3.0'),('FF5BFD4AF13D4F0A8F618790C322956A','S16','SH','1',15,'K. Dominguez','2016-02-07','Shooter - Motor and Wheel Mount, A'),('B8E7B9A7E0324337B50772498AE32477','S16','SH','1',16,'K. Dominguez','2016-02-07','Shooter - Motor and Wheel Mount, B'),('845E7D1593C5426EB37582184058DC6B','S16','WG','1',4,'C. Dominik','2016-02-07','Elivator Top'),('79F48BD5683940EA9965D416FEA368FD','S16','WG','2',6,'C. Dominik','2016-02-07','Support Tube'),('E2600E9D3A2849ACBF24C09C365ED8CC','S16','WG','2',7,'C. Dominik','2016-02-07','Support Channel'),('C4CFC979674F4E4E8987D523B4929C15','S16','WG','2',8,'C. Dominik','2016-02-07','Elevator Brace'),('433C21E74FC74F9183C8950218A23C4B','S16','SH','1',17,'K. Dominguez','2016-02-07','Shooter - Wheel Mount Intercostal'),('382ACFB904F3411B9ADAFE961A9AFA8C','S16','SH','1',18,'K. Dominguez','2016-02-08','Shooter - Wheel Guide Intercostal'),('8FF627D9186F432C82A8A4A651685C23','S16','SH','2',6,'K. Dominguez','2016-02-09','Shooter - Brace Hex Bar'),('B7DDB5A04DB247F49BC2D4036B98CE22','S16','SH','2',7,'K. Dominguez','2016-02-09','Shooter - Wheel Mount Bar'),('3957C6C1E8AE44C6BB3FC0265DB6726D','S16','SH','1',19,'K. Dominguez','2016-02-09','Shooter - Wheel Mount Intercostal, Mid'),('60B0FAC9394349B097BF54024352BC75','S16','SH','1',20,'K. Dominguez','2016-02-09','Shooter - Wheel Guide Doubler'),('F69F70ED486340F3AC41566E496FDF78','S16','WG','1',5,'K. Dominguez','2016-02-09','Breacher - Wedge'),('1C239F7248B54B41A7D9CCAA029D48A9','S16','WG','1',6,'K. Dominguez','2016-02-09','Breacher - Wedge V3.0'),('8FF492A491754A3F8AE5AA1B6951654C','S16','BB','1',1,'B. Long','2016-02-09','ball guide holder'),('583AA41C85324F4B95163362ED2650F2','S16','WG','4',3,'S. Tefera','2016-02-09','rubber wedgie pad'),('5458AC46A98D43D9838041F9F16CDBD6','S16','WG','4',4,'R. Carranza','2016-02-09','lock-1'),('134B96E50E244E25B010A4AD8C630177','S16','WG','4',5,'R. Carranza','2016-02-12','lock-2'),('F2C81561BCBE401EA1B79E8093430104','S16','WH','3',1,'L. Furlong','2016-02-13','Wheel - Hub Spacer'),('800D03B041024953A57501E47C81234F','S16','WG','2',9,'S. Wang','2016-02-12','Elevator - Side Support Beam'),('E88CCB5608F74C77B05A2FE0FFF46306','S16','WG','2',10,'S. Wang','2016-02-13','Elevator - 80/20 Mount Bracket'),('237F1AFAD19E45E69672DE86A6D34E3A','S16','CH','3',3,'L. Furlong','2016-02-13','Chassis - Wheel Hub Spacer'),('796BF4C247194BD18696434AF7035475','S16','WG','2',11,'K. Dominguez','2016-02-14','Breacher - Elevator Guide'),('C0C0352D6829474584F0B10BE6CB5E56','S16','CH','2',19,'K. Dominguez','2016-02-14','Chassis - Elevator Support Beam'),('68EFA262E33A420A9D1D00470A92C05E','S16','WG','1',7,'K. Dominguez','2016-02-14','Breacher - Support Beam Bracket'),('3C1AC4BCC1704DC593EFF759778E4E2F','S16','CH','1',6,'K. Dominguez','2016-02-14','Chassis - Eleveator Support Beam Tie-In Bracket'),('17567E0C01364FC9B1D0C6E73D85204A','S16','WG','2',12,'K. Dominguez','2016-02-14','Breacher - Elevator Support'),('B4799986FE5541D79144D5F25EAA1FD0','S16','WG','2',13,'K. Dominguez','2016-02-16','Breacher - Bail Bar Support'),('6D96522F01D1428B8E2A85A0A08EB8E8','S16','WG','2',14,'C. Dominik','2016-02-16','Breacher - Wedgie Tooth'),('B6A3A4949F75418BBC2342DEA80E337D','S16','BB','1',2,'C. Dominik','2016-02-18','PNEUMATIC FLANGE'),('5CF289070F9440F59DB00FAB6587835A','S16','BB','1',3,'C. Dominik','2016-02-18','DEAD PART'),('010BD8B82F284C11AC99094033FC144D','S16','BB','1',4,'C. Dominik','2016-02-18','PNEUMATC MOUNT - OLD'),('D17B1F336B3846A59BCD9607077BFD3F','S16','BB','1',5,'C. Dominik','2016-02-18','BALL GUIDE'),('2F5C0BA03E82470B8CAE064C780AFD03','S16','BB','1',6,'C. Dominik','2016-02-18','BALL GUIDE'),('9B110047D182446FA598E97C6A971FD2','S16','CH','3',4,'K. Dominguez','2016-02-19','Chassis - Transverse Member Plug'),('A3993E415FAC444CA8B52D3406BDE047','S16','CH','3',5,'U. Unknown','2016-02-19','Chassis - Random Plug'),('C2B6AE9738224BA0ADA38C2A22FA1C4E','S16','CH','3',6,'K. Dominguez','2016-02-19','Chassis - Evlevator Mount Plug, Left'),('6FA75922E99D47338722DA662FEE5A52','S16','CH','3',7,'K. Dominguez','2016-02-19','Chassis - Evlevator Mount Plug, Right'),('E47832AACE364170B8208FA96C85A113','S16','CH','1',7,'C. Dominik','2016-02-19','Chassis - Pneumatics Mount Plate, Left'),('BBE01432BCDA4F5686AD44854C114978','S16','CH','1',8,'C. Dominik','2016-02-19','Chassis - Bailer Bar Mount'),('B2E4B14FB6B94BCB92EE490804918452','S16','CH','1',9,'C. Dominik','2016-02-19','Chassis - Bailer Bar Mount V2.0'),('55E7F8CD8B0D4790A1BF5E539C47E1DC','S16','CH','1',10,'C. Dominik','2016-02-19','Chassis - Pneumatics Mount Plate, Right'),('C46F2728FC574371B056BAFA39D1A7C1','S16','WG','2',15,'K. Dominguez','2016-02-19','Breacher - Elevator Support, Right'),('B6B5CD270BD54EC1B366A8D143B0732C','S16','WG','2',16,'K. Dominguez','2016-02-19','Breacher - Rear Vertical Bar'),('41DE206F4C3D4B8291B0EFEE7411A216','S16','CH','5',1,'S. Tefera','2016-02-19','Bumper - Bumper Backboard, 1'),('0D2C053B550A454090C4995E64DF82B4','S16','CH','5',2,'S. Tefera','2016-02-19','Bumper - Bumper Backboard, 2'),('1FAFD1C878324A73ADC35399E4E754BA','S16','CH','2',20,'C. Dominik','2016-02-19','Bumper - Bumper Mount Rail 1'),('313AC270F7564224B2BB1046510C769B','S16','CH','2',21,'C. Dominik','2016-02-19','Bumper - Bumper Mount Rail 2'),('ACC7C6A3BBAE47FFB96A6E484529AB61','S16','CH','9',1,'C. Dominik','2016-02-19','Bumper - Bumper Noodels'),('2B506439B59C45889FDE85CE6ACF39FC','S16','CH','0',8,'C. Dominik','2016-02-19','Bumper - Bumper Assy'),('45640FAE870549DFA202239240512111','S16','WG','0',5,'K. Dominguez','2016-02-19','Breacher - Wedgie Assy V3'),('2C0414597E494251A732D753A0861C2A','S16','WG','1',8,'K. Dominguez','2016-02-19','Breacher - Elevator Support Bracket'),('9C17299652A94B26B6D03925E33BEEA1','S16','WG','1',9,'K. Dominguez','2016-02-19','Breacher - Wedgie Top Plate'),('976B3F7402B34F05BC971F86DC0691C4','S16','CH','1',11,'K. Dominguez','2016-02-20','CLIMBER SUPPORT BAR MOUNT'),('6EF0F381B8604B7AA00C509F919D6BBC','S16','WG','2',17,'B. Long','2016-02-20','TOP PLATE ATTACHMENT 1'),('9DD8AC6D6DE0450FB9F027C27E6BBC53','S16','WG','2',18,'S. Wang','2016-02-20','TOP PLATE ATTACHMENT 2'),('16765FDECD134825905F5A4F582A92A4','S16','WG','2',19,'B. Long','2016-02-20','TOP PLATE ATTACHENT 3'),('C290CEDD2E1C41BFB679E4467DF49825','S16','WG','1',10,'C. Dominik','2016-02-20','TOP PLATE MOUNT 4'),('6A0CA3DEE4A7455EB8A748C56B4AB007','S16','CH','1',12,'K. Dominguez','2016-02-20','Bumper - FWD Mounting Bracket, Exterior, Left'),('F24ECA6A37A94C20B598A2BFA7FE1023','S16','WG','2',20,'B. Long','2016-02-20','TOP PLATE ATTACHMENT 5'),('DB274E20887E4FEAA8D82BD62A46466C','S16','SH','1',21,'S. Wang','2016-02-20','INNER SHOOTER BALL GUIDE'),('43F60AC2B9CD4A1C8BBA5A4C7774BF6C','S16','WG','4',6,'C. Dominik','2016-02-22','Breacher - Elevator Side Bushing'),('20A0F06EE96E4F44905EAAD72A08B515','S16','WG','4',7,'C. Dominik','2016-02-22','Breacher - Elevator Slide Bushing'),('8D217B8788ED4D448926902F838FA6E0','S16','BB','3',1,'S. Tefera','2016-02-27','bailbar motor spacer'),('EFF054C1BAD24B119638A321502BC797','S16','CL','2',1,'C. Dominik','2016-02-29','delivery arm'),('C1E6A05DD2C0412B81EFB08266FB06EA','S16','CL','2',2,'C. Dominik','2016-02-29','Flipping Arm'),('3A8ADCC5781141EB819B630C52AC41B3','S16','CL','3',1,'C. Dominik','2016-02-29','Sliding Release'),('7DB3CA03D864423186F28233B45365AF','S16','CL','1',1,'C. Dominik','2016-02-29','Climbing Hook'),('B934C10414C4447B8141A6AF50B83876','S16','CL','0',1,'C. Dominik','2016-02-29','climber arm'),('6CAA6DA496574A6493E9524BAAF73A02','S16','CL','1',2,'C. Dominik','2016-02-29','Axel Mount'),('A0F3C33E0D004FDDBCC9F5BE481C3501','S16','CL','2',3,'C. Dominik','2016-02-29','Axel'),('6415DFE7D524452C85D605E0F5977A76','S16','CL','3',2,'C. Dominik','2016-02-29','arm to axel mount'),('A847CDAE001349DC94EC90D7093C42A5','S16','CL','2',4,'C. Dominik','2016-03-01','support bar'),('4DF6D98B655543C79FA55862E9F79516','S16','CL','1',3,'C. Dominik','2016-03-01','window motor mount'),('CFFAABBE483749C7BA174B9E2D42C0C0','S16','CH','1',13,'K. Dominguez','2016-03-04','Bumper - FWD Mounting Bracket, Interior, Left'),('113E239CECDC4BD8838DB402C555E445','S16','CH','3',8,'K. Dominguez','2016-03-05','Bumper - Mount Plug'),('1C495FD0485544568A6E9D8FACFF3541','S16','CH','1',14,'K. Dominguez','2016-03-05','Bumper - FWD Mounting Bracket, Interior, Right'),('8023F1121E6043D396A343D6159CC177','S16','CH','1',15,'K. Dominguez','2016-03-05','Bumper - FWD Mounting Bracket, Exterior, Right'),('D5E64592E11F402EB2CAC15439EC9D43','S16','CH','0',9,'K. Dominguez','2016-03-05','Bumper - Bumpers, Right Side'),('DF9971FB3AC24BA2816E68BA7B7D0367','S16','DS','0',1,'B. Long','2016-03-05','Driver Station - Long Beach Assy'),('03998C1790B54202A55691C07533D819','S16','DS','0',2,'B. Long','2016-03-05','Driver Station - Las Vegas'),('9A35DDB065EA4680B117AB35272A923B','S16','DS','2',1,'B. Long','2016-03-05','Driver Station - LB - Laptop Front/Back'),('53C0178C8656446EBF84752718834A64','S16','DS','1',1,'B. Long','2016-03-05','Driver Station - LB - Laptop Holder, Sides'),('764A01F174554956917FA1EFA8A220EF','S16','WG','3',2,'R. Carranza','2016-03-05','Electronics - Limit Switch Holder'),('76660208AEC848CA9E5C245458650A16','S16','DS','3',1,'B. Long','2016-03-05','Driver Station - LB - Remote Control Holder, Top'),('A4770FBAC15642ACADA7070DCAF01677','S16','DS','3',2,'B. Long','2016-03-05','Driver Station - LB - Remote Control Holder, Bottom'),('879F55DD0FC44DB89493385A02F0E429','S16','DS','2',2,'B. Long','2016-03-05','Driver Station - LB - Router Holder'),('3163DD5A7DF743808AE5E5634BD125FD','S16','SH','2',8,'C. Dominik','2016-03-05','Shooter - Wall Brace Bar'),('35CF333A558F497EA3479EC5D7947584','S16','EL','0',1,'K. Dominguez','2016-03-05','Electronics Assy'),('D2DDD842D9CF4ADC90F79287E23B29DA','S16','EL','2',1,'K. Dominguez','2016-03-05','Electronics - Mounting Board'),('63CEB0A9BAD0498ABD14E2911168A268','S16','WG','1',11,'C. Dominik','2016-03-05','Breacher - Wedge Lock'),('6B86590DBD0E4021AC9489AA8F884236','S16','BB','1',7,'B. Long','2016-03-17','Bail Bar - Hard Stop'),('AEB4BD57327C4B3C8934BD9EF92626B6','S16','CH','4',2,'B. Long','2016-03-17','Chassis - Pneumatic Extender'),('A0AD25100464412E83B862CFDA691532','S16','SH','1',22,'K. Dominguez','2016-03-21','Shooter - Motor and Wheel Mount, A, v3'),('B282A2D78DA1469E89F016E0AC2C137A','S16','SH','0',4,'K. Dominguez','2016-03-21','Shooter - Production Assy'),('2EA11ED8E39D4495A59DA9AC26CD0AA3','S16','SH','1',23,'K. Dominguez','2016-03-21','Shooter - Motor and Wheel Mount, A, V4'),('37F2627CEBC74192884310E5B08A8A39','S16','SH','1',24,'K. Dominguez','2016-03-21','Shooter - Pully Cover'),('66C0A867ABE9453CB2B7DD46A078EE54','S16','CH','3',9,'U. Unknown','2016-03-21','Chassis - Mystery Bracket'),('E014B24219084E9A968FE3D463BF96B3','S16','CH','3',10,'R. Carranza','2016-03-21','Chassis - Air Compressor Plate'),('5FC8664566634E66B118A41811EBAEFB','C17','BL','4',4,'S. Tefera','2017-02-25',' 1\" Thick Blender Finger Retention Shaft'),('DBC373E327CC45FB97C5B956AC87660B','S17','CL','2',4,'U. Unknown','2017-01-01','????'),('01F37A03B6B64BB18FD322E7420C3964','C17','BO','3',1,'K. Dominguez','2017-02-19','Shooter - 1/8\" Spacer fo 1/4\" rod'),('460D930B7F5F4A43B526725DC5704473','C17','CH','2',34,'R. Rietveld','2017-02-06','1 Inch Tube For Battery Holder'),('AEF4CC2DDECC40D8B2A199616FDBBDA5','C17','GG','2',7,'D. Brandon','2017-02-20','1/2 Hex Shaft'),('EE38A47CBF1C4377975CC252AA615D63','S17','CH','3',2,'R. Rietveld','2017-01-27','1/2 Hex Spacer, 1/16'),('379D3012063A4CF2BB84065001B73CEC','S17','CH','3',1,'R. Rietveld','2017-01-27','1/2 Hex Spacer, 1/8'),('F30E9C83AF864C2A9D7252B30EC36B2E','C17','CH','2',11,'J. Bassett','2017-01-28','1/2 Support Extrusion'),('EBD4B0A7F2CD42E48D58DB0C419C4789','C17','CH','2',12,'J. Bassett','2017-01-28','1/3 12\" Support Extrusion'),('F0C9E900644B41278FD081A842B0C56D','C17','CH','2',13,'J. Bassett','2017-01-28','1/3 3\" Support Extrude'),('473CD02148A343DBBB2220D86CD6585F','C17','CH','2',10,'J. Bassett','2017-01-28','1/3 Support Extrusion'),('B65E8BAB2EFA49C5A4C8653E0B17B4A1','C17','FT','2',11,'D. Brandon','2017-02-01','1/4\" Polycarbinate Ring'),('19320B316C52478B9EAF8E96B7E2C160','S17','SB','4',13,'B. Long','2017-01-28','11 Inch Model Of Wheel, Probably Not Totally Accurate'),('9C9E00D726554EE0858844988D66DE50','S17','CL','2',11,'R. Carranza','2017-02-02','19inch Climber Support Beam'),('EE074970E62B42DAA2D0962CE6963DFE','C17','FT','2',8,'D. Brandon','2017-01-31','1in Cylinder Spacer'),('1E79BD1F75AE428E80617F5164435F21','C17','BO','3',2,'J. Wu','2017-02-20','Shooter - Hall Sensor Mount'),('F52B9D9E916B484DAA57E87D1ECDA6D5','S17','FT','1',1,'B. Long','2017-01-28','3.5x26.95 Fuel Tank Front Plate'),('203375D04CB247AE8A24193B3EB09FB0','S17','FC','2',2,'J. Bassett','2017-01-16','30 inches bar'),('21CF02FE886D4DCE850E0C2ACFF72F02','C17','BO','3',3,'R. Rietveld','2017-02-25','Spacer For Ball Shooter Turn Table'),('1F5FE55A5F064D759586DDF43A6140D3','C17','ER','0',1,'K. Dominguez','2017-01-28','Entire Robot - V1.0'),('A5F3BF48ED00432FA953560D19104782','C17','BL','4',7,'B. Long','2017-02-27','5 Spok E Straight Blender Thign'),('5F6C3004048846EEACB66E4316D6B8E4','S17','CH','2',6,'R. Rietveld','2017-01-16','6 inch hex shaft ffor butterfly drive'),('47D1CAA070C64C219CD20323515AD2F0','C17','BO','6',1,'J. Bassett','2017-01-26','6 Inch Wheel'),('7D06CF60DA0C4F87A43A4B27830B94D8','C17','FT','2',47,'S. Tefera','2017-03-04','9th Fuel Tank Back Wall'),('54B6591D80644327AD44FA4D3CD304D5','C17','FT','2',46,'S. Tefera','2017-03-04','9th Fuel Tank Ramp'),('46D95A701A0142749BEFC6413D60B5A5','S17','SB','4',6,'B. Long','2017-01-27','A 126-tooth Gear To Test Ability And Use To Rotate Sb Shooter'),('78E5D348D54E4666BCEE38561BB17A5A','S17','SB','2',4,'B. Long','2017-02-09','A Shaft For The Shooter Discs'),('5F1760436B0E417C966D025085117963','S17','SB','6',1,'B. Long','2017-01-21','A sketch to test the shooter angle adjuster'),('1F4D3F0505B2429CBDA43FEA728F0176','S17','SB','6',4,'B. Long','2017-01-21','A support for the ball loader '),('D73C14AD8D1C4D2DB3643C42D3C5C1E7','T17','AV','0',1,'K. Dominguez','2017-05-29','Advanced Cad - Assy #1'),('FAF2E6C00E8A40F58CBED1CD994DC098','T17','AV','9',2,'K. Dominguez','2017-05-29','Advanced Cad - Assy #1 - Detail #1'),('567D10FE760B411F9550C702D28DC2A6','T17','AV','9',3,'K. Dominguez','2017-05-29','Advanced Cad - Assy #1 - Detail #2'),('1B044574A64542738068D87827050893','T17','AV','9',4,'K. Dominguez','2017-05-29','Advanced Cad - Assy #1 - Detail #3'),('B7B304401C6B462690419CF48B666CCD','T17','AV','9',5,'K. Dominguez','2017-05-29','Advanced Cad - Assy #1 - Detail #4'),('F306EA1421D24F4C853938378C5DEE42','T17','AV','9',6,'K. Dominguez','2017-05-29','Advanced Cad - Assy #1 - Detail #5'),('B714BBC7DC3E482D9ED6D7472C5F7BFC','T17','AV','9',7,'K. Dominguez','2017-05-29','Advanced Cad - Assy #1 - Detail #6'),('8F0AAF5E7CD149B299AF4A2F72824FD5','T17','AV','9',8,'K. Dominguez','2017-05-29','Advanced Cad - Assy #1 - Detail #7'),('BA5B4197FF6242488866A92A3D0A19CA','T17','AV','0',2,'K. Dominguez','2017-05-29','Advanced Cad - Assy #2'),('D9429DF6A3B842C58D78B7D01E2968D0','T17','AV','9',9,'K. Dominguez','2017-06-10','Advanced Cad - Assy #2 - Detail #1'),('BF565A03A4D440139D99BD35206D4F9D','T17','AV','9',10,'K. Dominguez','2017-06-10','Advanced Cad - Assy #2 - Detail #2'),('88022EAA79B6440B914959DB1EE6277D','T17','AV','9',11,'K. Dominguez','2017-06-10','Advanced Cad - Assy #2 - Detail #3'),('C87C5E987C164DA09045EA9F8AD68A4E','T17','AV','9',12,'K. Dominguez','2017-06-10','Advanced Cad - Assy #2 - Detail #4'),('B1A4955AAE3844A399349198761075E9','T17','AV','9',13,'K. Dominguez','2017-06-10','Advanced Cad - Assy #2 - Detail #5'),('97C9E51C87A64C6E89FD5EAB7E0EFF1E','T17','AV','9',14,'K. Dominguez','2017-06-10','Advanced Cad - Assy #2 - Detail #6'),('BFB747D873604F4C990B1F4A13A75CD6','T17','AV','9',15,'K. Dominguez','2017-06-10','Advanced Cad - Assy #2 - Detail #7'),('9A27A3FD11B44FE6BC67EBC8C010000F','T17','AV','9',16,'K. Dominguez','2017-06-10','Advanced Cad - Assy #2 - Detail #8'),('A0FF60DD37B148569BA3ACA88AAF5BCF','T17','AV','4',3,'K. Dominguez','2017-06-03','Advanced Cad - Detail #4'),('4628A71470A84801A587CE853BF8FF97','T17','AV','4',4,'K. Dominguez','2017-06-04','Advanced Cad - Detail #5'),('7FE81D70401146339449245CB96AF673','T17','AV','4',5,'K. Dominguez','2017-06-11','Advanced Cad - Detail #6'),('97772D85DC1B4466A5C41D83D9B83C98','T17','AV','4',1,'K. Dominguez','2017-05-21','Advanced Cad - Detail Part #1'),('4498B5A672BE4DED9848064AD01F5F98','T17','AV','4',2,'K. Dominguez','2017-05-21','Advanced Cad - Detail Part #2'),('90CA34C8A81844EB9FB88B760EB33672','T17','AV','9',1,'K. Dominguez','2017-05-21','Advanced Cad - Detail Part #3'),('FF62632838FE4F518ACD9364875D061B','T17','AV','0',3,'K. Dominguez','2017-06-18','Advanced Cad - Final Assy #1'),('697883A167B240CCAE1A5D71048AAF65','T17','AV','9',17,'K. Dominguez','2017-06-18','Advanced Cad - Final Assy #1 - Detail #1'),('D4B50717B3CA4AEBB4E99F37EE82F793','T17','AV','9',18,'K. Dominguez','2017-06-18','Advanced Cad - Final Assy #1 - Detail #2'),('8FCB138F60C44DBCA9363DD484B7C055','T17','AV','9',19,'K. Dominguez','2017-06-18','Advanced Cad - Final Assy #1 - Detail #3'),('EF9FEEC1389147899BE1F31DB6B2B8DD','T17','AV','9',20,'K. Dominguez','2017-06-18','Advanced Cad - Final Assy #1 - Detail #4'),('1F711917EB0746C883C32CB7EE772D08','T17','AV','0',4,'K. Dominguez','2017-06-18','Advanced Cad - Final Assy #2'),('88502A9F041E48F3B336E53217DC2012','T17','AV','9',21,'K. Dominguez','2017-06-18','Advanced Cad - Final Assy #2- Detail #1'),('B2E3D013CF454D2594AA808F959E3309','T17','AV','9',22,'K. Dominguez','2017-06-18','Advanced Cad - Final Assy #2- Detail #2'),('9CEAB5984EC44465B343975A11A7817E','T17','AV','9',23,'K. Dominguez','2017-06-18','Advanced Cad - Final Assy #2- Detail #3'),('F85C2C3BE1F54F60B99869DE1F7F274F','T17','AV','9',24,'K. Dominguez','2017-06-18','Advanced Cad - Final Assy #2- Detail #4'),('BA409A4C508C45E5B3257DD0A180F7E3','T17','AV','0',6,'K. Dominguez','2017-06-18','Advanced Cad - Final Assy #3'),('D472E82E6B774FBC85CDEF7D1B7F5062','T17','AV','9',25,'K. Dominguez','2017-06-19','Advanced Cad - Final Assy #3 - Detail #1'),('89BAB82639024816A5E08C80FC1C6393','T17','AV','9',26,'K. Dominguez','2017-06-19','Advanced Cad - Final Assy #3 - Detail #2'),('1AEBCA45F80B45039B0FE5D29EC2F039','T17','AV','9',27,'K. Dominguez','2017-06-19','Advanced Cad - Final Assy #3 - Detail #3'),('09CBA4958F344B99A12B78398E9B57EF','T17','AV','9',28,'K. Dominguez','2017-06-19','Advanced Cad - Final Assy #3 - Detail #4'),('6F6A2B150D8D4C6A8C44FFB919EF9334','T17','AV','9',29,'K. Dominguez','2017-06-19','Advanced Cad - Final Assy #3 - Detail #5'),('6266DFDDD0FB49718AF5BE1165EDEA74','T17','AV','9',30,'K. Dominguez','2017-06-19','Advanced Cad - Final Assy #3 - Detail #6'),('C642A7A9219E4930B5B5A5AC3DBCAA46','T17','AV','9',31,'K. Dominguez','2017-06-19','Advanced Cad - Final Assy #3 - Detail #7'),('C3F4F27230014DFDB8F7B102094E779B','T17','AV','0',5,'K. Dominguez','2017-06-18','Advanced Cad - Final Assy #3 - Sub Assy #1'),('190ED326CF7743719EF56BD7E636B2AF','T17','AV','4',6,'K. Dominguez','2017-06-16','Advanced Cad - Final Detail #1'),('B54E6F947CFF475D83407EE9CE73A7A3','T17','AV','4',7,'K. Dominguez','2017-06-17','Advanced Cad - Final Detail #2'),('4DF53B9722FA4DD1BF32F4270C87FF12','T17','AV','4',8,'K. Dominguez','2017-06-17','Advanced Cad - Final Detail #3'),('6E1D809B3CE6492BA164620647B3450A','C17','CH','0',13,'K. Dominguez','2017-02-08','Air Tank & Mount Assy'),('4E6D3CE7FE3A4A178A661D3E7BBDE92A','S17','SB','0',3,'B. Long','2017-01-19','An asm containing the pillow bloc and motor'),('8C8A1BB502DB4151B5203FB23E6C973E','C17','BO','0',4,'D. Brandon','2017-02-09','Another Version'),('37E9C9D6676C4148AC0EB48EB3F37182','C17','FC','0',1,'D. Brandon','2017-02-12','Arm Design'),('B7E3AF0D65B44220BA099107CD1F9433','S17','SB','0',10,'B. Long','2017-01-28','Asembly With The New Rotate-y Stuff'),('F4E2CB4D6F0844A88E08227F2A233723','S17','SB','0',8,'B. Long','2017-01-21','assembly 2.0 of rotating shooter'),('BAA5F330838D459BB0535EEA240345C1','S17','CL','0',6,'R. Carranza','2017-02-02','Assembly For Climber'),('0BBFD6CD2024490E8DC03100DDC8D1BE','C17','BO','0',6,'D. Brandon','2017-02-14','Assembly For Final Bot'),('83D1ACE0F5AF40A985A5734F937D7EAE','C17','FT','0',4,'K. Dominguez','2017-02-24','Assembly Located Incorrectly'),('A0EC2E2A1B4F43788C6228DD3BD91BA4','C17','GG','9',1,'B. Long','2017-02-20','Assembly Ofpneumatics'),('35D7DACC2C524772B733F39D37E0062A','C17','BO','4',9,'D. Brandon','2017-02-14','Attachment Block'),('90746727441C4B5F8EEDAA49A84C8DEF','C17','CL','2',4,'D. Brandon','2017-02-07','Back Bar'),('EE7A5910346A41C59C03761F358D36F6','C17','GG','2',13,'D. Brandon','2017-02-25','Back Brace'),('B72124276BF0477781FE150CDA2A8BD6','S17','GH','1',1,'S. Tefera','2017-01-16','Back of gear holder'),('5DCA46022F0C4159A0494F34008EE07E','C17','FT','2',9,'J. Bassett','2017-01-31','Back Panel For Fuel Tank'),('ADC6CFA39BE747B6BAEB46131629F77B','C17','CL','2',5,'D. Brandon','2017-02-08','Back Post'),('BD36A2C0EFE74F86BE639C4691D76250','S17','FC','2',3,'J. Bassett','2017-01-16','Ball Collector Tube 14 inches'),('462D412B25F543D2B775A9D3742C2C32','S17','FC','2',4,'J. Bassett','2017-01-16','Ball Collector Tube 21 inches'),('5DA8B31894064AF6A394F9C5E203A1A6','C17','FT','2',16,'J. Bassett','2017-02-04','Ball Cutout Wall'),('166C540CC1BE4E548021748FB184F5B2','C17','FT','5',3,'S. Tefera','2017-01-31','Ball Deflector Finger Spacer'),('9D0E0E65C9454C949CE0F691E9390F10','S17','BO','2',1,'S. Wang','2017-01-17','Ball Delivery Tube'),('39A513E7A0C44C21B6EE2997DC0C2FF3','C17','BO','1',1,'J. Bassett','2017-01-26','Ball Director'),('67706901F1B94D868959106284530243','S17','BO','0',1,'S. Wang','2017-01-17','Ball intake tube'),('DA6AEE063CB74061A10ACA394C28C646','C17','BO','7',2,'D. Brandon','2017-02-06','Ball Path Though Shooter'),('BCD8303BC179434C961A114D083DD49E','P16','BH','0',1,'R. Carranza','2016-10-25','Ball Shooter - Main Assy'),('98F08174505E4B8583EB293766F0E730','P16','BH','0',3,'R. Carranza','2016-10-29','Ball Shooter - Rod Mount Assy'),('ED01BBF17AA346F58F2854473F2C8A36','S17','BO','7',3,'K. Dominguez','2017-01-16','Ball Shooter - Single - Revised Shooter Volume - Left'),('B771F7DEB57D49D6B3CD77CADD2EF227','S17','BO','7',4,'K. Dominguez','2017-01-16','Ball Shooter - Single - Revised Shooter Volume - Right'),('827F468CBDB34562ABFC5EA100694363','S17','SB','7',1,'B. Long','2017-01-14','Ball Shooter - Softball Volume'),('C1B856DE26C74106A73ABEB27E2ADBE6','P16','BH','1',3,'S. Tefera','2016-10-29','Ball Shooter - Window Mount Bracket'),('EB58F00C919846818EAC4CD7E7FE12E4','C17','BO','0',1,'J. Bassett','2017-01-26','Ball Shooter Director'),('B4B4D727E59B4585B0D3F87F786CD3C8','C17','BO','0',5,'D. Brandon','2017-02-14','Ball Shooter, Version 5'),('A107F7840F5A4DA0906473620956CFFD','S17','FC','2',1,'J. Bassett','2017-01-16','Bar Extrusion X'),('708B0ADE8C66413C828CD24578F67C90','C17','FT','4',2,'D. Brandon','2017-02-01','Base Of Blender, Version 2'),('18888E548A3E4F948510FCB26AB59BBC','S17','SL','1',2,'S. Wang','2017-01-16','Base of shooter loader'),('D437199CF0B04DD3A7FB28F2B7E65CAD','P16','BH','4',1,'R. Carranza','2016-10-25','Base Plate'),('F3AF96E5914B477B8E90F58D1D207B0C','S17','BO','1',1,'J. Bassett','2017-01-19','base plate'),('B7CF5A6E66CB4EA0AFD980003BCAFEEC','C17','GG','4',17,'B. Long','2017-03-06','Base Plate Short V'),('8111E27D9FF240B1A6771166269FA9B7','P16','MC','6',2,'B. Long','2016-10-25','Battery'),('E93DCACD23054681A8951B631F0319E9','C17','CH','0',10,'R. Rietveld','2017-02-06','Battery Holder Assembly'),('8B7ED0E93552436283980013C38097C0','S17','SB','2',1,'B. Long','2017-01-16','Bearing and motor holder for motor assembly'),('B6F5E826F66747AF886380AF7C4119D6','S17','BO','1',4,'P. DeVries','2017-01-25','Bearing Plate For Supporting Single Wheel'),('A4F02FB0175D4AD58171FFB5B975E9D4','C17','BL','2',10,'D. Brandon','2017-02-15','Bigger Blender'),('7E12F92014594BFDBBAF253B44755C4F','C17','BL','0',2,'D. Brandon','2017-02-15','Bigger Blender'),('42533E72867D4C3FA3C37802E5D20C73','C17','BL','4',8,'K. Dominguez','2017-03-03','Blender - Deflector'),('E0EDCE0254B0432590C5BB1E23423CEF','C17','BL','5',1,'K. Dominguez','2017-03-03','Blender - Deflector Mount'),('A312CD26CC83423E86993773D1E74576','C17','BL','4',9,'D. Brandon','2017-03-09','Blender - Deflector Mount V2'),('E5D1634792C94B1781B711A2AA235875','C17','BL','2',22,'R. Carranza','2017-02-25','Blender - Motor Shaft'),('AD375AB56DDE4AAFA53CBE34FB77CA11','C17','BL','0',4,'S. Tefera','2017-02-28','Blender Assembly'),('932ADB449AE640AA81DA552A3680711B','C17','FT','2',20,'D. Brandon','2017-02-13','Blender Bottom, Version 3'),('7FFB6829BE234A2EBD176ABF79A154D1','C17','FT','2',21,'D. Brandon','2017-02-13','Blender Bottom, Version 4'),('BB3709A1419041D6B251778B602D0A46','C17','BL','2',24,'S. Tefera','2017-02-28','Blender Cirle With Hext Hole In Middle'),('7E7E3FD755944E4C8BC9419630529596','C17','BL','4',2,'S. Tefera','2017-02-25','Blender Finger Retention Shaft (1/2\")'),('CDE0C313F6454F6AAD1A2947645FF6D8','C17','BL','4',3,'R. Carranza','2017-02-25','Blender Guide Fin'),('FC57C4527BD24072B546C032629459B2','C17','FT','5',2,'J. Bassett','2017-01-31','Blender Top Ring'),('C4C9A4C6E2294884905B40AD84F230F3','C17','FT','2',19,'D. Brandon','2017-02-10','Blender Wall'),('12738698643D4499ABB7589EA17492BE','C17','BL','2',3,'D. Brandon','2017-02-14','Blender Wall'),('733F7D7679084EEC808440ECE5E9B409','C17','BL','0',1,'D. Brandon','2017-02-14','Blender, V1'),('2A3F60DAD9074F61B42812B230131769','C17','BL','2',16,'D. Brandon','2017-02-16','Blinder Fingers'),('41DCF4B0E5B34448BD1ADC7067F480A6','C17','FL','0',1,'D. Brandon','2017-02-07','Blinder, Version 3'),('F8EE577041AA4BA28328492E6EEF7768','C17','CL','2',6,'D. Brandon','2017-02-08','Block'),('9FFB69D4BF6148D8AC890927727D6977','F17','CT','1',1,'H. Fieldhouse','2017-03-07','Bot Cart - 4415 Stencil'),('E09AD2A6AC884ECDB107DC331C873C34','C17','SL','2',2,'D. Fieldhouse','2017-02-18','Bottom Cover'),('8EB7BFE0C9004A5DBF256389288985AD','C17','FT','1',1,'D. Brandon','2017-01-31','Bottom Holder '),('B1A775A1A80C4EAA8CD8B0D981117903','C17','FT','2',14,'D. Brandon','2017-02-01','Bottom Of Fuel Tank, Front Extension'),('75512DCBFD3746BB98FA073033921F5D','C17','FT','7',2,'D. Brandon','2017-02-02','Bottom Of Robot'),('B6C211698E994A52BE50441385469D7C','C17','BL','2',4,'D. Brandon','2017-02-14','Bottom Plate '),('760305F1E02D4BFDA4C8E20DA5D6E7D1','C17','BO','4',11,'D. Brandon','2017-02-14','Bottom Plate For Final Bot'),('859E26E319E04146BED0DB9807F0F8D5','C17','FT','2',12,'D. Brandon','2017-02-01','Bottom Plate In Fuel Tank On Side'),('9C6DF8D3964243E3A3C0836B4B1CF81D','C17','FT','2',5,'H. Fieldhouse','2017-01-27','Bottom Plate Of Fuel Tank'),('4989A1244FEC4CB4BDF84C15A6CC3BB9','S17','SB','1',4,'B. Long','2017-01-16','Bottom plate of motor holding assembly'),('CAC5EDD6D76D4AE689F956617CD81343','C17','FL','2',3,'D. Fieldhouse','2017-02-11','Bottom Wall'),('774F227BCCEB4FB5862771696EC8F6B8','S17','GH','1',2,'S. Tefera','2017-01-16','bottom wall/block in gear holder'),('F949528ADFBA4DDF8E6901CFB4B046C5','C17','FT','1',4,'S. Wang','2017-03-03','Bottom Wings Slide'),('2A3A0308D725460BA2A43A6A08AF9F23','C17','FT','2',13,'D. Brandon','2017-02-01','Brace For Motor'),('1DCD502449734BE8BD7A98BAEF8EB045','C17','BO','1',3,'D. Brandon','2017-02-09','Bracket'),('CC88237CD8864A8D805AEB652860FA76','C17','GG','1',1,'D. Brandon','2017-02-19','Bracket'),('8E27DE6938A34E09AC4E3D1FA1CB1A0B','C17','CH','2',42,'S. Tefera','2017-02-11','Bracket For Bumber '),('2CFF4B4261EF48408A681F6568AEFFD8','C17','GH','1',11,'S. Wang','2017-02-08','Braket Holder For New Nuematic'),('48EEE45D844C40B7AC62BE160F129B85','C17','CH','0',3,'D. Brandon','2017-02-03','Bumper - Assy V1'),('E65EC3EB341648B4B0E25410E28745A1','C17','CH','0',4,'D. Brandon','2017-02-03','Bumper - Assy V2'),('3AA41AF1DD6C44FBB73B334A7C694ED1','C17','CH','2',46,'S. Tefera','2017-02-16','Bumper - Bumper Mount Pin'),('D5F8A1A23B6A42CE8264E70E31CA6DDF','C17','CH','0',5,'D. Brandon','2017-02-03','Bumper - Frame Assy'),('FC3AA27DDB8B4A97BDA248D8DDCEAAE3','C17','CH','5',4,'D. Brandon','2017-02-21','Bumper Panel'),('726D1ABFE17642908995C3BFA32FA5F5','C17','CH','5',6,'D. Brandon','2017-02-21','Bumper Panel - Front'),('A94023CC317A49E19C6539084F5EFD2A','C17','CH','5',5,'D. Brandon','2017-02-21','Bumper Panel - Rear'),('5981C6DCEDE744B09C8FA20066FFBE6A','C17','CH','5',3,'D. Brandon','2017-02-21','Bumper Panel - Side'),('3814B3BC9EAA4F2EA54E6EF93581BA8A','C17','CH','2',19,'D. Brandon','2017-02-04','Bumper Part'),('A89EFD027DF14BE9836C85A383D73DA5','C17','CH','2',20,'D. Brandon','2017-02-04','Bumper Part'),('048C61C25EC849FEAEFE2B883EF98FE2','C17','CH','2',21,'D. Brandon','2017-02-04','Bumper Part'),('038AF7CD05E04F76A3C52A3069A5F87B','C17','CH','2',22,'D. Brandon','2017-02-04','Bumper Part'),('C4AEFF2C12524BE5BC63FA12B88BB24C','C17','CH','2',23,'D. Brandon','2017-02-04','Bumper Part'),('C7C27A7A979E47C2B1E184ABE0F7E9DD','C17','CH','2',24,'D. Brandon','2017-02-04','Bumper Part'),('90CB2252207B402AA06FE4B73D5D52F9','C17','CH','2',25,'D. Brandon','2017-02-04','Bumper Part'),('4ECC27D0F97F45EE9E9537C80EE01025','C17','CH','2',26,'D. Brandon','2017-02-04','Bumper Part'),('04AB3F50650D4A3EBE9F34DB812233F9','C17','CH','2',27,'D. Brandon','2017-02-04','Bumper Part'),('1749B99DB20F4127AC8F90DC6D9371E2','C17','CH','2',28,'D. Brandon','2017-02-04','Bumper Part'),('3159ADBA683A408AA3B492E9EAEE3295','C17','CH','2',29,'D. Brandon','2017-02-04','Bumper Part'),('2A055B06DD29478DB0DDCD3C1BD0C824','C17','CH','2',30,'D. Brandon','2017-02-04','Bumper Part'),('3B9DAA2EF7814C6B8968D26E2516235D','C17','CH','2',31,'D. Brandon','2017-02-04','Bumper Part'),('325351D2F20846839F9F68064072C77A','S17','SB','4',19,'B. Long','2017-02-16','Bushing For Turntable'),('87C9571F3C734F49B8D57D372191555E','S17','CH','0',3,'H. Fieldhouse','2017-01-16','Butterflies Wheels'),('3DA73924DAE74550A9D4C63567FF6EF6','C17','CH','0',14,'K. Dominguez','2017-02-10','Butterfly Drive - Mirror Front'),('EDF90C2885E141349CBE6A5BD27A33D0','C17','ER','0',2,'K. Dominguez','2017-02-07','Entire Robot Assy - Version 3'),('B7C3F8F730E24967999E65FC57A9181D','C17','ER','7',1,'D. Brandon','2017-02-08','Frame Perimeter'),('8029D32D416A4A60BAB1D3FB8D66F0A5','C17','GG','0',10,'B. Long','2017-03-04','Camera Mount Asm'),('D45EEE8E8E844B3AAEDF037DBD92BE8C','C17','ER','0',4,'D. Brandon','2017-02-09','Version At End Of Week 5'),('D257D444467149A684A63B91133CD708','C17','ER','0',3,'D. Brandon','2017-02-09','Version, At week 5.'),('4A03C3B1039248A4A45B867C658BD956','F17','CT','2',1,'P. DeVries','2017-02-25','Cart Part 1'),('77BD80C8E892470C9624CCBCF2DD1076','C17','CH','2',1,'K. Dominguez','2017-01-23','Chassis - Base Plate'),('6536993E36A040E6AE22070649940BD2','S17','CH','2',5,'K. Dominguez','2017-01-14','Chassis - Base Plate (Short Bot)'),('C5DE7CE9B33C44C38CB5D4F144FF117F','S17','CH','2',15,'K. Dominguez','2017-01-24','Chassis - Battery Compartment Vertical Member'),('68EB69559E034A4DB5657A7B420CCFDF','S17','CH','1',1,'K. Dominguez','2017-01-24','Chassis - Battery Mount Back Plate'),('806FF893B9D349DD9BD6C40884681B5A','C17','CH','1',1,'K. Dominguez','2017-01-28','Chassis - Battery Mount Back Plate'),('2A1C415DB93644A58FC4407E0A313F11','C17','CH','2',6,'K. Dominguez','2017-01-23','Chassis - Battery Mount Frame Long'),('79035084BB9D410CB59FA6938982868D','S17','CH','2',9,'K. Dominguez','2017-01-24','Chassis - Battery Mount Frame Long'),('9CD50ABA42C34A40ACFA9993B5A3068C','C17','CH','2',7,'K. Dominguez','2017-01-23','Chassis - Battery Mount Frame Short'),('7DA33F83A8C14BB3AE3CC6E7D362E368','S17','CH','2',10,'K. Dominguez','2017-01-24','Chassis - Battery Mount Frame Short'),('500B1FAAAAA842DEB1822351DD31E063','C17','CH','2',8,'K. Dominguez','2017-01-23','Chassis - Battery Mount Frame Top'),('1D9D9298E8AA43D5A1D9B19BFEA4AD97','S17','CH','2',11,'K. Dominguez','2017-01-24','Chassis - Battery Mount Frame Top'),('255A92349E0246C5B57B7F7785FA8CDB','C17','CH','2',5,'K. Dominguez','2017-01-23','Chassis - Battery Mount Member'),('E304FC75444C40FC85E49A6E9797CC66','S17','CH','2',8,'K. Dominguez','2017-01-24','Chassis - Battery Mount Member'),('219573C893324E15B5FDBF92E8E7C86D','C17','CH','2',9,'K. Dominguez','2017-01-28','Chassis - Battery Mount Post'),('8F83EFFA105C4BDDBF2814445E10BA04','C17','CH','2',35,'K. Dominguez','2017-02-08','Chassis - Bumper Self'),('52DD8BE015CC48079999E39EDF0E8345','C17','CH','0',2,'K. Dominguez','2017-01-23','Chassis - Butterfly Assy'),('7442839A49304137BFC3BEA7D812DEBF','C17','CH','2',45,'K. Dominguez','2017-02-13','Chassis - Butterfly Bridge (similar To -2018)'),('A9B44464CFD947159C57DBD8ED9AA6C9','C17','CH','2',3,'K. Dominguez','2017-01-23','Chassis - Butterfly Drive Shaft - Long'),('197C5D25E7E54027A0E6BF12ACC403C7','C17','CH','2',4,'K. Dominguez','2017-01-23','Chassis - Butterfly Drive Shaft - Short'),('F5A294A0B78D47D5A26F357A28FB2D3A','C17','CH','2',18,'R. Rietveld','2017-01-30','Chassis - Butterfly Drive Support Bracket'),('380EDA4D986845E7AA646B38EC50BAFB','S17','CH','7',7,'S. Wang','2016-01-14','Chassis - Butterfly Drive Volume'),('48914F2656184398A7B82205B023DB4E','C17','CH','2',38,'K. Dominguez','2017-02-10','Chassis - Climber Brace Member'),('CEFD585A72624C9D8974E340F508B7DD','C17','CH','2',44,'K. Dominguez','2017-02-11','Chassis - Climber Mount Arm W/cut'),('796AA87CA1424848AE292D0E27E7A34F','C17','CH','2',40,'K. Dominguez','2017-02-11','Chassis - Climber Tie In Bar'),('66B107E3FB814B4086C56DD6B08DB073','C17','CH','0',1,'K. Dominguez','2017-01-23','Chassis - Competition Bot Design'),('98B57DF73A4149AFABF745D01477C2AF','S17','ER','0',2,'K. Dominguez','2017-01-14','Chassis - Dual Top Shooter Design'),('D9A9090B7C6E4AE1BEBE4EBFA466F231','S17','CH','2',13,'K. Dominguez','2017-01-24','Chassis - Electronics Mounting Plate Member Long'),('34EDB8A226184DFF9B6B38048F1E8DBC','S17','CH','2',14,'K. Dominguez','2017-01-24','Chassis - Electronics Mounting Plate Member Short'),('7C75DDBB8A304FE28998DB21674642BB','C17','CH','2',2,'K. Dominguez','2017-01-23','Chassis - Frame - Long Member'),('2F690C3462F64A16A92D5D2BA8D70DC2','C17','CH','1',3,'K. Dominguez','2017-02-11','Chassis - Frame Compression Bridge'),('F649D8A4FA784C1CBC9733FEB1592078','C17','CH','2',17,'K. Dominguez','2017-01-30','Chassis - Frame Short Side Member'),('6E96C98B00004885AD97F1CB978EA00E','C17','CH','2',36,'R. Rietveld','2017-02-10','Chassis - Front Upper Bar'),('F7AE3D1601484B8A8AEEBAB619FC59F9','C17','CH','2',41,'K. Dominguez','2017-02-11','Chassis - Fuel Tank Mount Member'),('F7F0AC693A084176973C541D8C3CF027','C17','CH','2',49,'K. Dominguez','2017-02-18','Chassis - Fuel Tank Stachion - Tube'),('B66907780255406AA88148C8DDF2C436','C17','CH','4',5,'K. Dominguez','2017-02-16','Chassis - Fuel Tank Stanchion Plug, Bottom'),('976FA79D47834F7BB36923FC7818BCDD','C17','CH','4',4,'K. Dominguez','2017-02-16','Chassis - Fuel Tank Stanchion Plug, Top'),('2A057BF97CBC471DB0037AEF8AAC685B','C17','CH','2',47,'K. Dominguez','2017-02-16','Chassis - Fuel Tank Stanchion, Left'),('738B8D733E8040A480CB33AAA6815007','C17','CH','2',48,'K. Dominguez','2017-02-18','Chassis - Fuel Tank Stanchion, Right'),('2EF8AA8D1D6A431786353069C97483B1','S17','CH','0',1,'R. Rietveld','2017-01-14','Chassis - Intake Study'),('FF8F1F17B31041BC8746B305FF794605','S17','CH','2',2,'K. Dominguez','2017-01-07','Chassis - Long Bar'),('0A56E900D51B45BD95FD988040C642A8','C17','CH','2',16,'K. Dominguez','2017-01-28','Chassis - Lower Shelf Mount Member'),('380781634F174385B1866C8E495C8274','C17','CH','0',6,'K. Dominguez','2017-02-03','Chassis - Main Assy V2'),('EDC6AFACFD4B4E3CBA50F27DE12CC772','C17','CH','3',1,'S. Tefera','2017-01-30','Top Part For Mouse '),('D06504D2B5FD4D638096E1B03DE76DBB','C17','CH','3',2,'R. Vreeke','2017-02-08','Chassis - Roborio Corner Mount'),('5D91A93B7C284E5AB19A43A97CA106AF','C17','CH','3',3,'R. Vreeke','2017-02-10','Chassis - Talon Spacer'),('6DAD9A1048684D819AD35A1DE6365665','C17','CH','3',4,'R. Vreeke','2017-02-10','Chassis - Roborio Mount #2'),('EE68A5E18029489FB9FECDF277888339','C17','CH','2',43,'K. Dominguez','2017-02-11','Chassis - Shooter Mount Bracket'),('7F43419B93BF4160BED81338DA6FE2CD','S17','CH','2',17,'K. Dominguez','2017-01-24','Chassis - Shooter Mounting Plate'),('887AEBB97CE44DD0B614B292F5ED626A','S17','CH','2',18,'K. Dominguez','2017-01-24','Chassis - Shooter Mounting Plate Member - Back'),('EDFDE532B21640798DC28151C4163BEA','S17','CH','2',16,'K. Dominguez','2017-01-24','Chassis - Shooter Mounting Plate Member - Side'),('D136F9373A7F447B90A6D039D64968A1','C17','CH','2',39,'K. Dominguez','2017-02-11','Chassis - Shooter Side Mount Bar'),('26EA6BAA51104648A653EE1597DF67B9','S17','CH','2',1,'K. Dominguez','2017-01-07','Chassis - Short Bar'),('5A3074C8162C4952802D95A3098AEAB5','C17','CH','0',17,'J. Bassett','2017-02-14','Chassis - Slim + Battery Holder Assy'),('B070A4F099AE44928C69C64863993037','S17','ER','0',1,'K. Dominguez','2017-01-14','Chassis - Softball Design'),('510B3A83780246DD9EBFCBBEE50216B1','C17','CH','4',3,'J. Bassett','2017-02-13','Chassis - Spring Holder'),('BD625857C51244C6847D5D596662A864','C17','CH','1',4,'K. Dominguez','2017-02-16','Chassis - Stanchion Anti-Rotation Tab'),('796E2430734A47B38A15FA31E7A7B414','C17','CH','0',19,'K. Dominguez','2017-02-16','Chassis - Stanchion Assy'),('C09CC9F1BE1B4309A69F86DD056667E0','C17','CH','0',21,'K. Dominguez','2017-02-18','Chassis - Stanchion Assy, Left'),('EC48DD51AE9F4F559245EA6E33202194','C17','CH','0',22,'K. Dominguez','2017-02-18','Chassis - Stanchion Tube Assy, Left'),('FC65E787221E43268975148B8A366179','C17','CH','0',23,'K. Dominguez','2017-02-18','Chassis - Stanchion Tube Assy, Right'),('1C1F53916B2149DCB306591D316FE07B','C17','CH','3',5,'R. Vreeke','2017-02-10','Chassis - Roborio Mount #2'),('3AED21AFC18042C6A8F95CB792695190','C17','CH','0',12,'K. Dominguez','2017-02-07','Chassis - Top Assembly'),('33D55B34CC024EEC9DE7F4F02B00A665','S17','CH','2',12,'K. Dominguez','2017-01-24','Chassis - Top Mounting Plate'),('86E2566FB4B945F8B029EC8CD2245FFA','C17','CH','2',14,'K. Dominguez','2017-01-28','Chassis - Top Plate, Lower Shelf'),('B3A134A25AAA460793A2CCE4727F0AD8','C17','CH','5',1,'K. Dominguez','2017-01-30','Chassis - Top Plate, Lower Shelf'),('F4C82D48449D42E48C6A521C701FA08B','C17','CH','5',2,'K. Dominguez','2017-01-30','Chassis - Top Plate, Lower Shelf'),('A8885C66A7E243978153D3516F7B7C03','C17','CH','2',15,'K. Dominguez','2017-01-28','Chassis - Top Plate, Upper Shelf'),('49961DF6A94E4B41A342B4AB409CC45C','S17','CH','2',7,'K. Dominguez','2017-01-20','Chassis- butterfly mount support bracket'),('DA12C3908DF04FFC83D2DE6EBD114179','C17','CH','0',11,'D. Brandon','2017-02-07','Chassis Main Frame (No bumbers or battery)'),('32DCE458FD1E4E29911F3D42AF951435','C17','CH','2',32,'D. Brandon','2017-02-06','Chassis Side Rail, V2'),('5C6FFCCA1ABD403AAFCFA5A73B8C63AA','S17','CH','7',8,'R. Rietveld','2017-01-14','Chassis-Bumper Volume'),('50358F3B62344D7DB6AC0F66011F318C','C17','CH','2',37,'R. Rietveld','2017-02-10','Chassis-Rear Upper Bracket'),('34A196A8663547B59B12568261F310D3','S17','CH','2',22,'S. Wang','2017-01-26','Chassis-top Plan Frame 19inches'),('D8330EBAF9FD43FE8470AD2223DA055E','S17','CH','2',19,'S. Wang','2017-01-26','Chassis-top Plan Frame 1in'),('B3E03B58DD6C452EB453145167F2C250','S17','CH','2',21,'S. Wang','2017-01-26','Chassis-top Plan Frame 3.5in'),('3FE8A4A0B2B4442D8B4FABBD01B6E5A2','S17','CH','2',20,'S. Wang','2017-01-26','Chassis-top Plan Frame 5.5 Inch'),('11AB662C3E954EA080ED2C8BCE58A636','C17','CH','0',16,'K. Dominguez','2017-02-10','Chasssis - Competition Bot Chassis Frame V2.0'),('45AB2FCBCE6F414B813C612BC597ED3E','C17','CH','0',15,'K. Dominguez','2017-02-10','Chasssis - Competition Bot Chassis V2.0'),('20BEB5176D4E4B87AD35B32888EADE43','S17','CL','0',1,'B. Long','2017-01-09','CIM and Gearbox Assy'),('CBC919F2E85B4D849BC14B5889CE6843','C17','FT','2',38,'H. Fieldhouse','2017-02-28','Circle Lip 2'),('400693B5541840BE8C2BB27E30A5B377','P16','MC','6',1,'B. Long','2016-10-25','Circuit Board'),('E7455E68B4B7430EABF7D22BF0BA4E20','S17','SL','0',1,'R. Rietveld','2017-01-16','Circular fuel tank assembly - Softball'),('872F494128EC4852B1FE75EB04A2FAA9','S17','SL','2',1,'R. Rietveld','2017-01-16','Circular outside wall of fuel tank'),('669DE6079AA84177BDFC7642CDCF250A','S17','FL','2',1,'S. Wang','2017-01-21','Circular Plastic Guider'),('87038BC73E404D6FA5C3E860E7396BE4','S17','CL','2',3,'B. Long','2017-01-10','Climber - 80/20 Frame Bar - Side'),('C87C7230414B41BA9C9AC3726BB38FC2','S17','CL','2',2,'B. Long','2017-01-10','Climber - 80/20 Frame Bar - Top'),('354864E9133C403DB63A4CF0A4F9352F','S17','CL','2',1,'S. Wang','2017-01-10','Climber - 80/20 Retaining Bar'),('6B18E8D311AE4D8BA0BBF25CDF3FEF00','C17','CH','3',6,'R. Vreeke','2017-02-11','Chassis - Navx Cover'),('CA4061DD02284910B04673ECB224375C','C17','CH','3',7,'J. Bassett','2017-02-16','Mouse - Mouse To Spring System Connector (similar To S17-CH-3003)'),('055CE4EBB31E41FD9BB7D62C2118E33B','C17','CL','0',4,'K. Dominguez','2017-02-11','Climber - Comp Bot V1'),('023A7D3FDD7B491CB277B433F797C6E5','C17','CL','0',5,'K. Dominguez','2017-02-11','Climber - Comp Bot V2'),('DF1B260AA8C14A9AAAD2D00BADC64005','C17','CH','3',8,'J. Bassett','2017-02-16','Mouse - Mouse To Spring System Top Connector (similar To S17-CH-3004)'),('6D0C8ABBAD9D46519F90CFD7D23FD622','C17','CH','3',9,'K. Dominguez','2017-02-16','Mouse - Mount Spacer'),('DA305E0E1CDC4458BC737AA509270094','S17','CL','2',5,'S. Wang','2017-01-10','Climber - Hex Bar'),('044C79B7324F4F2399036FBD54EF83B2','C17','CL','2',9,'K. Dominguez','2017-02-09','Climber - Insert Block'),('11159F39142C43E7B8344847C99CB8FE','C17','CL','2',10,'K. Dominguez','2017-02-09','Climber - Insert Mount Block'),('F9EA9A2D3CC54BA7A134F44A6EC866EC','S17','CL','1',11,'J. Wu','2017-01-21','Climber - Motor Mount'),('3AD46F05392E49CF8E2EE88FE767EC20','C17','CL','4',8,'K. Dominguez','2017-02-11','Climber - Motor Mount Bot 2'),('FB1A305B24EE4DC0A1A921FE1EB09847','S17','CL','1',3,'B. Long','2017-01-09','Climber - Motor Mounting Bracket'),('04CF7403E96940AB9A0DA9BA3FA8733C','S17','CL','1',7,'S. Wang','2017-01-12','Climber - Motor Washer'),('C472786670284D1E9F7B33D62C260860','C17','CL','2',12,'K. Dominguez','2017-02-11','Climber - Mount Tube Insert'),('0A2AF672FE0C459F972D0FE777709C5E','S17','CL','0',2,'B. Long','2017-01-09','Climber - Prototype Assy'),('F85BE0E05F824F17987019BF591D4AAE','S17','CL','0',3,'B. Long','2017-01-10','Climber - Prototype Assy V 2.0'),('D8EEBF7275244C32940400F2CEA8C8D8','S17','CL','4',1,'S. Wang','2017-01-10','Climber - Rope Grabber Arm'),('77D8677A1E2F4D4C9D2C7E61889EF9EA','S17','CL','1',1,'B. Long','2017-01-09','Climber - Shaft Bracket'),('403BA624D8FF43DB818251C932EBD52F','S17','CL','4',2,'S. Wang','2017-01-12','Climber - Shaft Plug'),('2BC60906A4D8432591266B009C76C2CE','C17','CL','2',11,'K. Dominguez','2017-02-11','Climber - Shaft, Bot 2'),('D33899242FE74E3FA6C7F0C1EE257866','S17','CL','1',4,'S. Wang','2017-01-09','Climber - Side Plate'),('611E91DFE30A4B42A3D254B5A54F2438','S17','CL','1',5,'S. Wang','2017-01-09','Climber - Side Plate Opposite'),('848F3F04305D43FAABA95256F6865E41','S17','CL','1',2,'B. Long','2017-01-09','Climber - Welded Support Bracket'),('E714BCDC0C9B4261AB7C7462C459F445','S17','CL','0',4,'R. Carranza','2017-01-27','Climber Assembly 3'),('E7DA6265E8AC48819EB0C53A19B193FE','S17','CL','2',8,'R. Carranza','2017-01-28','Climber Bar Prongs'),('5B88136BE7594649A2FB2C664D0DF6B0','C17','CL','2',13,'S. Wang','2017-02-27','Climber Fingers Tips Block'),('37EABB78207447E3BB0920B04FC1CF01','C17','CL','2',1,'S. Wang','2017-02-02','Climber Mount Member'),('08B273F6942B4F9FB1F5330D10813D19','S17','CL','4',5,'R. Carranza','2017-02-02','Climber Supports'),('ADAA60F953A14A51AA33FACB21372916','S17','CL','2',9,'S. Wang','2017-01-31','Climber Tube'),('648BD76189874AEAB438DAEC9EE9A95D','S17','CL','0',5,'S. Wang','2017-01-31','Climber V2'),('534C38138FD94FB6AC88CA089CDAA036','S17','CL','1',6,'S. Wang','2017-01-10','Climber V2 - Mounting Plate'),('DFA9CC6851594883A77EF013485715DD','S17','CL','1',8,'S. Wang','2017-01-12','Climber V2 - Mounting Plate Opposite'),('AD1D4627260040D7B7D064753F494AEE','C17','CL','0',3,'D. Brandon','2017-02-08','Climber Welding Diagram'),('D0C9EEBD573749F09DB65667FDCFAADC','S17','CL','2',10,'S. Wang','2017-01-31','Climbert Tube Short'),('9AA0836C64AB414B80843FB50F50C058','C17','CL','4',9,'B. Long','2017-03-07','Climer: Motor Mount For Smaller motor'),('C6B62C6293534B14BD04691E199B2AD6','C17','GG','0',3,'D. Brandon','2017-02-19','Conception Ideas'),('4B24C9B0A2DC4A2F9B87B4552AE5AD14','C17','BO','7',1,'D. Brandon','2017-02-03','Copy Of Asm To Aid Design'),('0A8DE53933FE48C49EECCF73FCF016BD','C17','FT','5',1,'D. Brandon','2017-01-31','Curved Ball Guider For Fuel Tank '),('81E773E2AF9D4D69AC085681E7EBED46','C17','FT','2',2,'H. Fieldhouse','2017-01-27','Curved Front Wall Of Fuel Tank'),('5CEEEC52B7D64BF2AC2B0FD5A5A0217B','C17','GH','2',4,'S. Wang','2017-02-09','Cylinder For Pnuematic '),('D0CEA763CD6A43518691FCD224C3245D','C17','GG','2',10,'D. Brandon','2017-02-23','Cylinder Rod (for Design)'),('A99AD8683BEB4B43ADE95BCC6C7923D3','C17','GG','4',10,'D. Brandon','2017-02-21','Desing Calibraion Disk'),('3AD863BB47C04545AB17AC43D839F962','S17','SB','1',1,'B. Long','2017-01-16','Disc for prototype ball shooter'),('4332DD8E5A1F43178C669307FD154C92','C17','GG','2',4,'D. Brandon','2017-02-13','Down Bracket'),('8F2BAA16EE0C43999401C3A24F72F490','F17','DS','3',1,'R. Rietveld','2017-03-20','Driver\'s Station - Controler Holder'),('272E828965664F4B9458CC63273FDEA7','C17','CH','3',10,'B. Long','2017-02-20','3d Printed 1.5 #6 Spacer'),('FE5421101F4B4C3B8EC44730B5E4264E','C17','ER','0',5,'K. Dominguez','2017-02-11','Entire Robot - Competition Bot V2.0'),('DB7569C698484452A8E8B041AE912616','C17','ER','0',6,'D. Brandon','2017-02-14','One Week To Go'),('4D1C820F09734AFF85C857AC652E18A1','C17','ER','0',7,'D. Brandon','2017-02-16','5 Days Left Before Bag.'),('EC07861120C84944AA838DE74D1636BE','S17','ER','0',5,'S. Wang','2017-01-27','Entire Robot - Softball V3'),('9F21510B53B24D6E8E83B64F5D17AC51','C17','CH','3',11,'K. Dominguez','2017-02-21','Mouse - Spring Mount V3'),('53B49122CAFE4CAE9F9FCA4E74A8E91E','S17','ER','0',6,'B. Long','2017-01-28','Entire Robot - Version 4'),('E2F0084D5B32484DAFB5924A6E708952','C17','CH','3',12,'K. Dominguez','2017-02-21','Mouse - Mouse Mount V3'),('6A559B9069DE46BEB41160D213E4A3D4','P16','SG','1',1,'H. Fieldhouse','2016-10-29','EPIC Board - EPIC Sign Cutout'),('4C60849AAA95475BA37173585E9FD306','P16','SG','1',2,'H. Fieldhouse','2016-10-29','EPIC Board - Robot Sign Cutout Part 1'),('48321523825C46D98B2A6044E2B23958','P16','SG','1',3,'K. Dominguez','2016-11-05','EPIC Board - Robot Sign Cutout Part 2'),('4986ADCCDE4D4D7F99569FBF16311865','P16','SG','0',1,'H. Fieldhouse','2016-10-29','EPIC Board - Sign Assy'),('9679F1B013DA473584039F622B1AC647','C17','BO','4',5,'D. Brandon','2017-02-10','Fat Pillow Block'),('CC7DC0924F134E49BCC15F6CAFE8BDDB','S17','CL','1',9,'J. Wu','2017-01-21','Fin for the climber (Designed by Mr. Furlong)'),('052DE32A1A9A4A2395D08F31D5DD041D','C17','BL','0',3,'D. Brandon','2017-02-16','Finger Assembly'),('1143932AA16B4D21852BF257F8013C2A','C17','BL','2',19,'D. Brandon','2017-02-16','Finger Seperator'),('902CB5A94D624938A970A71674822CBD','C17','FT','5',4,'D. Brandon','2017-02-01','Finger Spacer'),('A46639961E0E41FBA9AB230F97E8B0E5','C17','BL','2',13,'D. Brandon','2017-02-15','Finger Spacer'),('8FA4E6D9CB024AF2AF49692E7BDAAAA1','C17','CL','1',1,'S. Wang','2017-02-27','Fingers Block Axe'),('B3C35433C59A4D2295311EAA92536FC6','C17','BL','2',8,'D. Brandon','2017-02-14','Flappers'),('CE9786CA0CEC474EACEE7ACD5DA45647','S17','GN','9',1,'K. Dominguez','2017-01-07','Floor'),('9987552819AA45608BE7712B8CA451CB','C17','BL','4',6,'B. Long','2017-02-27','Four Spoke Blender Thing'),('A2D12CC113644E0A83157E7AE3DEA101','C17','CH','3',13,'R. Rietveld','2017-02-24','Mouse - Mouse Mount V4'),('CD85B66287814FC296F730198EB276AA','P16','BH','9',1,'R. Carranza','2016-10-29','FRC 2014 Medicine Ball'),('ADED8E9C6CEE478194B18270F50F809C','S17','GH','1',3,'S. Tefera','2017-01-16','front curved barrier'),('3308A3E3B1C84539AC9BD46244AA1C93','C17','FT','2',28,'S. Tefera','2017-02-14','Front Panel 2 Robotz'),('F850D91A383545F28DA9EED3B1A18B44','C17','FT','2',10,'J. Bassett','2017-01-31','Front Panel For Fuel Tank'),('EB14A3929F034AA6B7F99690CBBE1358','S17','FT','1',6,'B. Long','2017-01-28','Front Sheet Where Balls Would Go Through'),('D9069F732FCC4ACEA2E78A931D711127','S17','FC','0',1,'J. Bassett','2017-01-16','Fuel Collector Assembly'),('0A632074724D45A7BF789EDC1D9B8D97','S17','FC','1',2,'R. Rietveld','2017-01-20','fuel collector walll'),('D979329ACE304ACCA13592FEDA642EC9','S17','FL','0',3,'R. Carranza','2017-01-23','Fuel Loader - Assy V3.0 - Ricky\'s'),('E868E0774DA54B7285E4C30091A3663B','S17','FL','4',1,'R. Carranza','2017-01-23','Fuel Loader - Custom Pulley - Tubing'),('E72B80D5015D4A2F8A86085B1AEB5D88','S17','FL','0',1,'S. Wang','2017-01-20','Fuel Loader Assembly'),('100939F23D4B4AC0880EFFB79FC2AA67','C17','FT','2',15,'J. Bassett','2017-02-04','Fuel Tank - Ball Cutout Wall'),('2DC55015478A4C3D90DB9360514D823C','C17','FT','2',31,'K. Dominguez','2017-02-24','Fuel Tank - Bank Panel V4'),('006D8A83D10D46109BB111CF2AAA8613','S17','FT','5',3,'S. Tefera','2017-01-11','Fuel Tank - Bottom Panel'),('C2838163A2E04B8B886EA607390F4E5F','S17','FT','7',3,'S. Tefera','2017-01-11','Fuel Tank - Bottom Panel'),('EA4E6335A66441DA85A1918B98444B64','C17','FT','0',10,'S. Wang','2017-03-07','Fuel Tank - Carboard Version'),('50CB847D9DF741F895F97CD8A1FEBDC7','C17','FT','7',1,'D. Brandon','2017-02-01','Fuel Tank -- Conceptual Design'),('7C3343A3F8874AF7A26EF65F518E4472','C17','CH','2',50,'B. Long','2017-03-02','Fuel Tank - Flat Back Plate'),('B1E123BEBBA847EF826A40B9FDF59115','C17','FT','4',7,'K. Dominguez','2017-03-04','Fuel Tank - Front Curved Barrier'),('C677DA6414B74A10BB65C83B0442559A','C17','FT','2',25,'S. Tefera','2017-02-13','Fuel Tank - Front Panel'),('28A86B6650EE4C0F8318229980CF1EC0','C17','FT','2',30,'K. Dominguez','2017-02-20','Fuel Tank - Front Panel, No Text'),('BDC3C07A33594C6180EEC89D4D0EFD84','C17','FT','1',7,'S. Wang','2017-03-07','Fuel Tank - Front Ramp'),('DE1C701E6782456FA2F5AC8BC5337D2C','S17','FT','5',4,'S. Tefera','2017-01-11','Fuel Tank - Fuel Cell Wall'),('8B2041B72BE4459FBD1873D7FCF76E7B','S17','FT','7',4,'S. Tefera','2017-01-11','Fuel Tank - Fuel Cell Wall'),('F0AF99D41BA7407EAE7EDE14F4E913E0','S17','FT','5',6,'S. Tefera','2017-01-11','Fuel Tank - Funnel Panel'),('AAED2BD6DDEE458D9399C577C2CD0012','S17','FT','7',6,'S. Tefera','2017-01-11','Fuel Tank - Funnel Panel'),('05C3800D8538414DB062A475B51E5E6E','S17','FT','5',5,'S. Tefera','2017-01-11','Fuel Tank - Funnel Support'),('A8DF96B0389C4EA7AC9CB820F9BB2086','S17','FT','7',5,'S. Tefera','2017-01-11','Fuel Tank - Funnel Support'),('4A848D806BE04CBEBD45B51FE0B5BEAA','C17','FT','2',33,'K. Dominguez','2017-02-25','Fuel Tank - Large Ramp Panel'),('930FB7398E9342019D9B6ED305137E24','C17','FT','0',2,'D. Brandon','2017-02-03','Fuel Tank - Main Assy'),('6A6342F302744790B4BDFA4214910E36','C17','FT','0',5,'K. Dominguez','2017-02-24','Fuel Tank - Main Assy V4'),('214361805BEF49E28E54A9C84C95029B','C17','FT','1',8,'S. Wang','2017-03-09','Fuel Tank - New Side Panel '),('6C0479730D3C4921B4C9DA13B24F61EE','C17','FT','2',49,'K. Dominguez','2017-03-09','Fuel Tank - Rear Cross Member'),('9F91C588EDB74F06B57A390678515E1D','C17','FT','2',24,'S. Tefera','2017-02-13','Fuel Tank - Rear Panel'),('3FCA74A3A6534F13B39DA0AECFFFE989','C17','FT','2',23,'S. Tefera','2017-02-13','Fuel Tank - Side Panel'),('FB9B0F72DF1F4608BA1DC7AAB94D776A','C17','FT','2',32,'K. Dominguez','2017-02-24','Fuel Tank - Side Panel V4'),('C3EDDC4B5126497C8102FE01364347DD','C17','FT','2',34,'J. Bassett','2017-02-25','Fuel Tank - Side Panel V4'),('78F49C51BDDB497FBD9D88C8D608CEFD','C17','FT','2',35,'J. Bassett','2017-02-25','Fuel Tank - Side Panel V4 Opposite'),('500EE113EBBF433E812A024342AACD7D','S17','FT','5',1,'S. Tefera','2017-01-11','Fuel Tank - Side Wall - Long'),('5684F594B3294CB9B74587F7F833F76D','S17','FT','7',1,'S. Tefera','2017-01-11','Fuel Tank - Side Wall - Long'),('E20EE8C0EFD444179374079029AC7F3F','S17','FT','5',2,'S. Tefera','2017-01-11','Fuel Tank - Side Wall - Short'),('EAD417F8A7D14F04821041F0B892C002','S17','FT','7',2,'S. Tefera','2017-01-11','Fuel Tank - Side Wall - Short'),('7DE06CD1D22A4BEFA1359F044C3827E6','C17','FT','2',27,'S. Tefera','2017-02-13','Fuel Tank - Small Ramp'),('12AD81ADD01244ECA88BA1B6718CD6E7','C17','FT','2',36,'K. Dominguez','2017-02-27','Fuel Tank - Wing'),('5CE466E8B4D34C07AA658384AB642DB0','C17','FT','2',48,'S. Wang','2017-03-07','Fuel Tank - Wing Mount'),('C52AD6E1667F48308B2098D136D2CF65','S17','FT','0',2,'B. Long','2017-01-28','Fuel Tank Asm'),('312FEF2B7E824A9B9CBE61A64C021DF5','S17','FT','0',1,'R. Carranza','2017-01-20','Fuel tank asm - twin turret'),('1235087DD71846289A25855F29D29013','C17','FT','0',3,'S. Tefera','2017-02-13','Fuel Tank Assy V2'),('7C4071E96EF1430E8E0A30F6F1104449','S17','FT','5',8,'J. Bassett','2017-01-30','Fuel Tank Blender'),('7E46E361D0924C5A8A26FA1254D9D33B','C17','FT','0',1,'D. Brandon','2017-01-31','Fuel Tank Blender '),('B4874529950B463E87EDBCC866073AD3','S17','FT','2',3,'R. Carranza','2017-01-20','Fuel tank bottom plate'),('96FCC5DB3B7246B8AD1C000457E77A0F','S17','FT','5',7,'J. Bassett','2017-01-30','Fuel Tank Box'),('EF9753E490644FA09C4BB90E47BAF9E0','C17','FT','2',26,'S. Tefera','2017-02-13','Fuel Tank- Large Ramp'),('9AAD1C7211E0491EAF0C07C27E45E21D','C17','BO','2',1,'J. Bassett','2017-01-31','Fuel Tank Main Side Wall'),('33AFE1E42ED44B78B900EF73D5ECC8B8','C17','FT','4',4,'B. Long','2017-03-02','Fuel Tank Mid Curve Part V2'),('FB5093E31C954EB3B670FBE301F1956C','S17','FT','7',7,'S. Tefera','2017-01-11','Fuel Tank Part 7'),('AB76F602CF5643B8B997A99DF3603252','S17','FT','7',8,'S. Tefera','2017-01-11','Fuel Tank Part 8'),('1938BE903612431FB632F6A302FAD1BD','S17','FT','5',9,'J. Bassett','2017-01-30','Fuel Tank Ramp Long'),('7FD6E0BE9D404D938230A197EABEAF53','S17','FT','5',10,'J. Bassett','2017-01-30','Fuel Tank Ramp Short'),('44E96B58ED3D4BAF9E0CE4B7AC520F85','C17','FT','0',6,'S. Wang','2017-03-02','Fuel Tank Test Assembly From C17-ft-0005'),('6683E379E26B47E4B4BD47363E3A27CE','S17','FT','1',3,'B. Long','2017-01-28','Fuel Tank Top Angled Wallfloor'),('7AA7AB213F0E4573A98A33CCF03899C3','S17','FT','2',1,'R. Carranza','2017-01-20','Fuel tank wall 1'),('152D926571974697B5C88AC53F02AFFC','S17','FT','2',2,'R. Carranza','2017-01-20','Fuel tank wall 2'),('1A1BCA0106D04F3DBF1B7B5E292A6728','S17','FT','0',3,'J. Bassett','2017-01-30','Fuel Tank Whole'),('F71B5C2BA2214E0392031F883D190822','C17','FT','2',17,'J. Bassett','2017-02-04','Fuel Tank Wings'),('20E0EC856F904E2CB1109B53AEBF3639','C17','FT','1',3,'S. Wang','2017-03-02','Fuel Tank Wings'),('8F68499E545A49919871EE216CC88762','C17','FT','0',9,'S. Tefera','2017-03-04','Fuel Tank With Wings On Hinges'),('FA01E8BBA15841F0BBA9A359023E062E','S17','FT','1',4,'H. Fieldhouse','2017-01-28','Fuel Tank-lower Base Plate'),('BDBE616C3C9246848365AB70A00F1653','S17','FT','1',5,'H. Fieldhouse','2017-01-28','Fuel Tank-rear Plate'),('14AD27B3F6B547AD826602335B7EFFFC','S17','FT','1',2,'H. Fieldhouse','2017-01-28','Fuel Tank-side Wall'),('BF188250E4E642DAA55A1D88FE3E944C','C17','FC','2',1,'J. Bassett','2017-01-26','Fuel Transfer'),('5C7E967B6E5948BB9F73B3C81C1A3566','C17','GG','7',1,'B. Long','2017-03-04','Futaba Servo Model'),('933637A0C77E44BBA04FD6FC1C9A77BF','S17','VI','9',1,'D. Brandon','2017-01-17','Game Ball (Fuel)'),('2BA9F84E96B5498BB189F355833A63E4','C17','GH','2',5,'S. Wang','2017-02-10','Gear Arm, Right'),('86C03A1495A44375936A9A9ED7FDD2D7','C17','GH','1',4,'J. Bassett','2017-01-28','Gear Catcher'),('09518A1D90F941BFBC407ACD167527CE','C17','CH','3',14,'R. Rietveld','2017-02-24','Mouse - Mouse Mount Pillar w/ Rib'),('359BAC30328F46A1845CB3BC0D4C017D','C17','CH','3',15,'R. Rietveld','2017-02-24','Mouse - Mouse Mount Pillar w/o Rib'),('640EE2F4A5E248439A3C6FAEDDF9B9EE','C17','GG','4',19,'K. Dominguez','2017-03-07','Gear Grabber - Camera Mount Backplate'),('9FF065AF2AAD45358C4FA515FA46B137','C17','GG','4',14,'K. Dominguez','2017-03-02','Gear Grabber - Grabber Bracket'),('711BF2E435804310B1FE60616C62D7FE','C17','GG','2',9,'B. Long','2017-02-20','Gear Grabber - L Bracket Mount'),('52263616DA9C4A41AB90942EE3B71979','C17','GG','0',9,'D. Brandon','2017-03-02','Gear Grabber - Main Assy V7'),('F305A53AAE8244CFBB1773267F7576C7','C17','GG','2',14,'K. Dominguez','2017-03-02','Gear Grabber - Rear Mount Plate'),('A4659EB6D3F840CE9926A28B5F1593FE','C17','GG','0',1,'D. Brandon','2017-02-12','Gear Grabber Asm, V1'),('84E9E2554BCA489A96D84BDD11DD4AEB','C17','GG','4',16,'B. Long','2017-03-03','Gear Grabber Attch Clamp - Attch'),('6B25BA6A53774A7A9F99B92982DFFD32','C17','GG','4',15,'B. Long','2017-03-03','Gear Grabber Attch Clamp - Non-attch'),('2106747D2E914137B9D77E7DEAAC6140','C17','GG','4',20,'B. Long','2017-03-17','Gear Grabber Back Plate Extended Arm'),('50A43FAD8F3A40C693735EF36BE22BF8','C17','GH','2',6,'K. Dominguez','2017-02-13','Gear Holder - Backplate'),('678F6AD6F4874C8CABFF8A84D6DD580D','C17','GH','2',10,'S. Wang','2017-02-24','Gear Holder - Bent Abs Gear Ramp'),('C6D73C304050463498D92F85B833A6A1','C17','GH','1',8,'S. Wang','2017-02-04','Gear Holder - Dual Actuation Member'),('1EEF523BD4D24F54B1180A18DFE08AC8','C17','GH','1',17,'S. Wang','2017-02-13','Gear Holder - Front Door, Swinging'),('EF8901ACF16A43FA8C12642FC44ECC58','C17','GH','1',14,'S. Wang','2017-02-13','Gear Holder - Front Plate'),('99687855D8A142C5A4264150E05939D9','C17','GH','1',15,'S. Wang','2017-02-13','Gear Holder - Front Plate, V2'),('8C937CEC27D1409FBC63FA55BE8A5CB0','C17','GH','2',2,'J. Bassett','2017-01-28','Gear Holder - Gear Holding Arm'),('3CC8D22E954F4BA5BAB80518FB7F4A39','C17','GH','2',8,'K. Dominguez','2017-02-13','Gear Holder - Holding Arms'),('ABC939AE17C94954886947558908302E','C17','GH','1',9,'S. Wang','2017-02-04','Gear Holder - Pneumatic Acuator Connector'),('BEFB9601CA0B413A8AF80D44CDF364A1','C17','GH','4',1,'K. Dominguez','2017-02-13','Gear Holder - Rod Pillow Block'),('5BD979B35D2244069F0E92DB82792393','C17','GH','2',9,'K. Dominguez','2017-02-13','Gear Holder - Shaft'),('2F2DAA749FAE4D51A774EC7F75132DB3','C17','GH','2',7,'K. Dominguez','2017-02-13','Gear Holder - Side Plate'),('952DE16BA3384322B562D0D36813305C','C17','GH','1',18,'S. Wang','2017-02-13','Gear Holder - Slider L Bracket'),('86E961A66F25495EB756698DC663D985','C17','GH','0',5,'S. Wang','2017-02-14','Gear Holder - Slim Bot Design'),('B8BAD3CCAA974C6093315F5677D6D68A','C17','GH','0',6,'S. Wang','2017-02-14','Gear Holder - Slim Bot Design, ABS Design'),('9625870BC2D448609B10FBCD0A13D51C','C17','GH','0',4,'S. Wang','2017-02-14','Gear Holder - Slim Bot Design, Simple Instl'),('1D3D1382F86846908BF6527490FFF3F3','C17','GH','1',16,'S. Wang','2017-02-13','Gear Holder - Stop Plate'),('37BAC77E093F4EF28BE9197F9B516FCF','C17','GH','1',19,'S. Wang','2017-02-13','Gear Holder - Stop Plate #2'),('74713CD675114798A181BAA8483226CA','C17','GH','2',3,'S. Wang','2017-02-08','Gear Holder Arm'),('43740EDA3A5242C0AE5FEDE748DE0A8B','C17','GH','1',10,'S. Wang','2017-02-07','Gear Holder Arm For Nuematic'),('4EEB6780434A47C4B19FB0017E1C740C','C17','GH','0',3,'K. Dominguez','2017-02-13','Gear Holder Assy V3'),('B7F83931C64948D5A285E9F9955D01EF','C17','GH','1',1,'H. Fieldhouse','2017-01-28','Gear Holder Backboard'),('8697EF85C3CA4C00A01402994E4A627D','S17','GH','2',1,'S. Tefera','2017-01-16','Gear holder block'),('41574280D4E042EFA1D1AA0F24408FE3','C17','GH','2',1,'H. Fieldhouse','2017-01-28','Gear Holder Pillow Block'),('97AB461D155A420392A13E5034F7CEB7','C17','GH','0',2,'S. Wang','2017-02-08','Gear Holder Simpler Assembly'),('504550C08DBF4C22B97F5014A63D45DD','C17','GH','0',1,'H. Fieldhouse','2017-01-28','Gear Holding Mechanism'),('98DB18D2C40041A59915CBCDFCDA20D9','C17','GG','4',2,'D. Brandon','2017-02-13','Grabber Arm'),('E5C0879588B04DFD96169471761B4A4E','C17','CH','3',16,'K. Dominguez','2017-03-03','Mouse - Chassis To Base Spacer (l = 1.25)'),('73A8473A194443BE8E999EDF54B94B6C','C17','GG','0',2,'D. Brandon','2017-02-12','Grabber In Action'),('C8AB268D2346418EA15AFA4CA338C951','C17','GH','4',2,'D. Brandon','2017-02-25','Grabber Plate'),('01AEFDB925CC4D0C9B7C0CA00A934A60','C17','GG','4',13,'D. Brandon','2017-02-25','Grabber Plate'),('02D86E9B7247415CB5626DC0673D962D','C17','GG','4',4,'D. Brandon','2017-02-19','Grabber Shoe'),('DEB3C2404D1B4191BF684F40178650C9','C17','GG','2',2,'D. Brandon','2017-02-13','Guide '),('6C18BE7775BB4BB9AFE3C0741CE9C510','S17','CL','4',3,'R. Carranza','2017-01-28','guiding fin for climber bar'),('14D06A3AC5CE431EBC8657FBE184C6B3','C17','CH','4',2,'D. Brandon','2017-02-10','Hat For '),('5D4504C3D6A84D83A1CD1F4CFDE69C83','S17','SB','4',8,'B. Long','2017-01-27','Hdpe Axis Of Rotation For Shooter'),('911403F1832E450780BAD8BDF51C47A3','C17','BL','2',20,'D. Brandon','2017-02-20','HDPE Disc for Blender'),('0A742EB611BD46B8BF4FAE3488ECCA7A','S17','FC','2',5,'J. Bassett','2017-01-16','Hex Bar'),('06EDBCFE7FF94784B17304CE5AFBD2B5','C17','CL','4',1,'D. Brandon','2017-02-07','Hex Plug'),('1AE569C3D4D244F89D7DE91BB717E844','C17','BL','2',7,'D. Brandon','2017-02-14','Hex Rod'),('D9C36A669F0A4682986B8C3FD2F01A9D','C17','FT','2',6,'D. Brandon','2017-01-31','Hex Shaft'),('4E44AD7D49D04EF59E27E20A8A5A69E3','S17','BO','2',3,'S. Tefera','2017-01-19','hex shaft- for shooter frame'),('607EE668EEDF45359BA68564443D7B95','C17','CL','4',3,'D. Brandon','2017-02-07','Hex Shaft With Treads'),('0B7E5B8764B24CD89A95B531E1A43957','C17','GH','1',6,'S. Wang','2017-02-04','Holder For Nuemactic small'),('28D89AFCD5214EE09E2FEC076B0E35DD','C17','GH','1',7,'S. Wang','2017-02-04','Holder For Nuemactic Small'),('9E23F0B670CF473EAFE53D7AEA0C4379','C17','ER','0',8,'B. Long','2017-02-20','Entire Robot - Slim, Gear Grabber'),('A1549CAD10DC40599048E8AD7D0E3F6D','S17','SL','1',1,'R. Rietveld','2017-01-16','Holder rings for outside of fuel tak'),('CAC99E9668494D25AF43E497532CAE39','S17','FT','2',4,'R. Carranza','2017-01-21','hopper ramp'),('F75F5DDBD8E442748145A3BB689DA682','C17','GG','0',6,'D. Brandon','2017-02-23','Improved Clamp'),('A1FCAB61C862485FBBB6454658A87B9B','C17','CL','2',8,'D. Brandon','2017-02-08','Insert Blook'),('EA09C82C87224BDE8A4FF3873739EBEC','C17','FT','2',29,'S. Tefera','2017-02-20','L Bracket'),('668DADDA9FE44D3BB29E0569954B3258','C17','BL','0',7,'B. Long','2017-03-16','L Bracket Asm That Nate Wants'),('1F5DDD2A540A4E25ADB3694D10B63FB6','C17','GG','2',11,'D. Brandon','2017-02-25','L Bracket For Cylinder'),('CE7F864E986548EFB7EEAE4E4CEA3792','C17','CL','4',6,'D. Brandon','2017-02-07','L Bracket For Motor'),('AAB1D8CFBC974BDA9E3A2F827FF2D99F','C17','FT','2',43,'S. Wang','2017-03-03','L Bracket For Spring Left'),('D3E01C9A1BA542FD82CE197945BA7A95','C17','FT','2',44,'S. Wang','2017-03-03','L Bracket For Spring Right'),('73B8D90DB4594F46A1F0D6301F44BE94','S17','CL','2',7,'R. Carranza','2017-01-27','L Brackets New'),('AF76C698CE26452EA83DA6EC9637847B','C17','GH','1',13,'S. Wang','2017-02-11','L Braket For Gear Holder Arm'),('E7D659225FC84E9E90D332D0FE343796','C17','GH','1',12,'S. Wang','2017-02-11','L Braket For PNUEMATIC'),('E018F6FFFDC047BCB4D470EB6EF4CE85','S17','BO','4',2,'J. Bassett','2017-01-20','Lazy susan bottom plate'),('48D75DB813514DEFBD85189B67D9FA46','S17','BO','4',1,'J. Bassett','2017-01-20','Lazy susan top plate'),('FE2F538504F5408E84062A6ACE6EC179','C17','FT','2',40,'B. Long','2017-03-02','L-bracket For Fuel Tank'),('B21A254FC7834A5F953E5201B9A033C0','C17','ER','0',9,'K. Dominguez','2017-02-24','Entire Robot - Slim Bot V2'),('A5D5228844414E1D8799BABADF1D5CAC','C17','GG','4',11,'D. Brandon','2017-02-23','Left Shoe'),('31AF358DDD814043A3F23D54B4383C52','C17','GG','2',12,'D. Brandon','2017-02-25','Lever Bracket'),('E4FB6363E32B439AAFA5250C717CEB20','C17','CH','3',17,'K. Dominguez','2017-03-03','Mouse - Stationary Platform W/o Pillar'),('3E340BEBD995478ABC2EBB4B2204F185','C17','BO','2',2,'R. Carranza','2017-02-14','Limit Switch'),('5ACA019F3A634963A997291FAC63BB53','C17','FT','4',1,'D. Brandon','2017-01-31','Little Bottom Holder'),('183C8AD9985745A8B0E346D5D1B8726F','S17','SL','0',3,'R. Carranza','2017-01-21','loader bar'),('5D0C412D3B4E4F1B9CC55E22FE924AAD','S17','CH','2',4,'R. Rietveld','2017-01-14','Long side of chassis frame'),('0836A48D8D0E4C69AA9547B7E184D8F3','C17','SL','0',1,'D. Fieldhouse','2017-02-11','Magic'),('032021BC636A4A6B8E5731DF4B8A19BC','P16','BH','2',2,'R. Carranza','2016-10-25','Main Rotational Shaft'),('B770A05089E94636987E44707D3C5C8B','C17','GG','2',3,'D. Brandon','2017-02-13','Main Support Bar'),('332240CB2D10432488BE92A0F9327804','C17','GG','2',8,'D. Brandon','2017-02-20','Main Support Bar'),('01C6B3BE56AE4E38AD3B3BE3FF1D89C6','C17','GG','4',9,'B. Long','2017-02-20','Main Support Bar V 2'),('9B1C2BBDF310423D98EC2C2ECA63E27D','C17','CL','2',3,'D. Brandon','2017-02-07','Main Turning Bar'),('85BF1906574F4C49996F3125F2A5CE9C','P16','MH','3',2,'J. Bassett','2016-10-22','Marble Shooter - Al Tube Bracket'),('AA143DE95DE74916B3FB2FD315854CE6','P16','MH','3',3,'J. Bassett','2016-10-15','Marble Shooter - Al Tube Cushion'),('48778B2B5DE0475680C9AAE9125E0278','P16','MH','3',1,'J. Bassett','2016-10-22','Marble Shooter - Al Tube Plug'),('5EB161A2F9D843E58C736EF33E1DD807','P16','MH','5',1,'R. Carranza','2016-10-22','Marble Shooter - Frame'),('306725A24C7A47EDAC5EF767CA8D14ED','P16','MH','5',4,'R. Carranza','2016-10-29','Marble Shooter - Frame Old'),('27828C88791B4B8DA8E2DA0B6B876680','P16','MH','2',1,'J. Bassett','2016-10-22','Marble Shooter - Marble Tube'),('61352267C80B4FBBAEA29964505E107C','P16','MH','2',2,'J. Bassett','2016-11-05','Marble Shooter - Marble Tube V2.0'),('3CAAE097DFC2459FB072D49A087A9809','P16','MH','4',1,'J. Bassett','2016-10-29','Marble Shooter - Plunger'),('962527F7B3864202A4AE646BDA0420CE','P16','MH','5',2,'R. Carranza','2016-10-22','Marble Shooter - Pointer Arm'),('6C6A3CB8B44045F7B0F4AE83E199C9EB','P16','MH','5',3,'R. Rietveld','2016-10-29','Marble Shooter - Stand'),('C885B01A5AF1465883CEFBCCD672AF39','S17','SB','0',2,'B. Long','2017-01-16','MDF backboard for softball shooter'),('E7DC663FF6BA47B2B225B569A43DCF46','S17','BO','4',8,'D. Fieldhouse','2017-01-21','MDF Turret'),('DAF14FCFFAAD4D319126FA7832079A6C','C17','FT','2',4,'H. Fieldhouse','2017-01-27','Medium Sized Fuel Tank Front Wall'),('FA83495CC4834264A99089E4627AF95C','C17','BL','2',1,'D. Brandon','2017-02-14','Middle Guide In Blender'),('E5A707B69019456CA5A9B47615E24FF8','C17','CH','0',8,'D. Brandon','2017-02-06','Mirror Of Motor Asm'),('4FF4807FE4FD465AA3CD076B2E5DDDD5','S17','SB','1',6,'B. Long','2017-02-04','Mod vex  217-4238 For Holding Side Plates t Turntable, L'),('810939E8D57E4598BF6E7A81225BEE7A','S17','SB','1',7,'B. Long','2017-02-04','Mod Vex 217-4238 For Holding Side Plates T Turnable, R'),('E6AF8B8826CE4433BD6E85F0FFE1366B','C17','BO','1',4,'B. Long','2017-02-14','Mod Vex 217-4238 For Holding Side Plates To Turntable, L'),('907A71456B584A588457C62D23D73BC6','C17','GG','4',8,'B. Long','2017-02-20','Modified Hub For Pitch Adjustment'),('9C018580C868404EA979FC0F63432006','S17','SB','5',2,'B. Long','2017-01-16','Modified MDF backboard'),('E1D87B990DFF497FB4121F69E29C7689','C17','BL','4',1,'D. Brandon','2017-02-15','Modified Vex Bracket'),('448308042BC04C39B26E69FB8ABA1B08','C17','CL','4',7,'D. Brandon','2017-02-07','Moter Mount'),('678DBE72213B4CD29741D9708F230EB7','S17','CL','6',1,'B. Long','2017-01-08','Motor - GearBox Combo'),('0850E411D56C4CD5A3762CCA281859EE','C17','CL','0',1,'D. Brandon','2017-02-07','Motor And Spool Asm'),('113BB10535F54C64AB17C3C56E969548','C17','CL','0',2,'D. Brandon','2017-02-07','Motor Assembly'),('340FAD73C6E04321BDCC5A1E3533F46A','S17','SB','0',1,'B. Long','2017-01-16','Motor Assembly for Softball'),('7CBF7EA4205547C7BBC21C7CA891CF00','P16','MC','0',1,'B. Long','2016-10-25','Motor Controller - Main Assy'),('CC75716C4CE44FD78569F1B57227203B','P16','MC','1',2,'B. Long','2016-10-25','Motor Controller - Outer Shell - Bottom'),('84CA6E76BE8B49CF8F97A61C44F85640','P16','MC','1',1,'B. Long','2016-10-25','Motor Controller - Outer Shell - Top'),('9F85287DA4E74F689E2BDAF9CD2BFA9C','S17','SB','1',2,'B. Long','2017-01-16','Motor holder for the prototype'),('F6872955DAE4435E985BCED343EA8F0E','S17','SB','2',2,'B. Long','2017-01-16','Motor Holder l-bracket, from 3x1.5'),('B1CEF8879812473BA89E8A9DA594563B','S17','SL','4',3,'R. Carranza','2017-01-21','motor mount'),('6248479693D74730A6AB1930E814E1C6','S17','SB','1',3,'B. Long','2017-01-16','Motor to main plate attachment'),('254878BCF9914C89AB6FA485177A2C7C','C17','GG','4',18,'B. Long','2017-03-06','Mounting Plate Short'),('4670A227ED0B400F85CBF7DA46C70022','C17','CH','3',18,'K. Dominguez','2017-03-03','Mouse - Pillars for Stationary Platform'),('08001E54284147C9956C9CE53CCC024E','C17','CH','0',25,'K. Dominguez','2017-02-27','Mouse - Main Asm V 5'),('3DD60697AE8943298D3A047B446F0E8A','C17','CH','0',20,'K. Dominguez','2017-02-16','Mouse - Mount Assy'),('C331D7932C024A4EBBD6D868A182D0EC','C17','CH','3',19,'K. Dominguez','2017-03-07','Mouse - Pillars For Stationary Platform V2'),('AA7854653F7A42E0B802F027618F6735','C17','CH','7',1,'K. Dominguez','2017-02-16','Mouse - Mouse Bottom Plate'),('C88FC699F2484454A44BA3928E468FDB','C17','CH','0',24,'K. Dominguez','2017-02-23','Mouse - Mouse Mount Assy '),('A48640B444454693B81D74BC8E715768','C17','CH','3',20,'K. Dominguez','2017-03-08','Electronics - Kill Switch Cover'),('36EF2E95526F4D31BE57CBD76E5352DC','C17','CL','3',1,'J. Wu','2017-02-20','Climber - Encoder Shaft Connector'),('921E2F068C3A41618986E25B2D1F27F8','C17','CL','3',2,'J. Wu','2017-02-20','Climber - Encoder Shaft Connector'),('BF1C547C038D459AB3587B81AEB46104','C17','CL','3',3,'J. Bassett','2017-03-18','??????'),('FD40462DD5FC4495BD2825B66A3938B8','S17','CH','3',3,'B. Long','2017-01-31','Mouse - Mouse To Spring System Connector'),('019EF6DAC91D4DA1B9B310FCA6875C2B','C17','CL','3',4,'J. Bassett','2017-03-18','Climber - Camera Mount'),('58C445474C284F0EBFEC18AC051FCF2F','S17','CH','3',4,'B. Long','2017-02-02','Mouse - Mouse To Spring System Top Connector'),('C35C05B37D6B4602A86942D4A64849B4','C17','CL','3',5,'J. Bassett','2017-03-18','Climber - Camera Mount - L Bracket'),('644EB6BBB61D48B2B4F345F99ECA5DE9','C17','CH','0',26,'K. Dominguez','2017-03-04','Mouse - Moust Mount Assy V5'),('3FCD1FFC4698441289D096BCD3EF262B','C17','ER','3',1,'J. Wu','2017-02-17','Holder For Tx1'),('490CFC632F7A433EBAC8ED843F5ECFC1','C17','ER','3',2,'J. Wu','2017-02-17','Lid For Tx1 Holder'),('C51FE2F1CF714DA69A29E421357022CB','C17','ER','3',3,'J. Wu','2017-02-18','Camera Mount'),('A93F2BEB60944F1E8CFD805E67168F80','C17','ER','3',4,'S. Wang','2017-02-28','New Camara Mount With Light Holder'),('D334383947CC43D6874D9457FF7C0C69','C17','CH','0',18,'J. Bassett','2017-02-14','Mouse Thingy Attachment'),('D50719F44C054D5EA43B9C588B48B4B2','C17','FT','1',6,'S. Wang','2017-03-07','New Back Wall Pieces'),('CC240C30185640CD8C2C112188FB53C8','C17','ER','3',5,'J. Wu','2017-03-03','Led Sheild'),('C5C631AD13B647F695120D1973CBF4C4','C17','FT','0',7,'B. Long','2017-03-02','New Fuel Tank Asm'),('F6AAE00FB1364580B24B047277A965E6','C17','FT','0',8,'S. Wang','2017-03-03','New Fuel Tank Assembly With Wings'),('FE3AD0E81486468E830313F209D8C77B','S17','FT','2',6,'J. Bassett','2017-01-27','New Fuel Tank For Softball shooter'),('4024521446054C56B6859497421F8952','S17','FL','0',2,'S. Wang','2017-01-21','New Fule Loader Assembly'),('95080007B6D04061B80CB86A89AFB6F2','C17','GH','1',2,'J. Bassett','2017-01-28','New Gear Holder'),('9D81934403774F2384314F9D630DC9D0','C17','GH','1',3,'J. Bassett','2017-01-28','New Gear Holder Mirror'),('88FE4FA6C3B448548801B9830E90B686','C17','BL','2',18,'D. Brandon','2017-02-16','New Larger Finger'),('5A78527D17B9431F99775C9E3A80811B','C17','FT','2',42,'S. Wang','2017-03-03','New Replacment Of C17-ft-2033'),('99800265338A411EAF308C8474D05AFF','C17','BO','4',13,'D. Brandon','2017-02-16','New Side Panel. Bottom Cut Off.'),('421728B19EB941208CF109E381649F62','C17','FT','1',5,'S. Wang','2017-03-07','New Side Wall Of Fuel Tank'),('61E014FAD0FE44FD99F4E735EA761F30','C17','BL','2',15,'D. Brandon','2017-02-15','New Version Of The Ring'),('BA157F2E68B2487BA9637C556EBAAB2A','C17','BO','0',3,'D. Brandon','2017-02-09','Next Version'),('18314542E13F4B5F9B59247B66C767B4','C17','GG','0',7,'D. Brandon','2017-02-25','Next Version'),('5B91595411C749A3B3856FFD38D40B4B','C17','BL','2',6,'D. Brandon','2017-02-14','Nylion Spacer'),('3C02BA8954944DE884EF84CFA59A8E0B','C17','ER','3',6,'J. Wu','2017-03-03','Camera Mount V2'),('3E9EF9A09BF04C8C8D379D61A9485E0A','C17','GG','2',6,'D. Brandon','2017-02-13','Peg'),('DAFDA573A78F41BFBA59D3496EFF03AE','C17','FC','0',2,'D. Brandon','2017-02-12','Peg For Delivery'),('684D3D1A98A848F399E297DBC9C335CA','C17','FC','7',1,'D. Brandon','2017-02-12','Peg For Delivery'),('6D5A9EC5F3314AA2B4FE56BD61BF17CF','S17','SB','4',2,'B. Long','2017-01-17','Pillow Block'),('289357D9A86E418D9663F19E7540CDEB','S17','SB','4',5,'D. Brandon','2017-01-21','Pillow Block'),('EB1326F9D4FD4BFE941198B7F017319B','C17','GG','4',3,'D. Brandon','2017-02-13','Pillow Block'),('EE0E5AC32CF44FFC879A2D41DAD61CC6','C17','GG','4',6,'D. Brandon','2017-02-19','Pillow Block'),('05CAE02B90ED4E0A8C6682393FD738F1','C17','GG','4',7,'D. Brandon','2017-02-20','Pillow Block For Main Shaft'),('4CD66BD9536C4DE18B288D4F949D8E0D','C17','BO','4',7,'D. Brandon','2017-02-14','Pillow Block For V2 Motors'),('2D3C14A56EF04D2EAFE7B58B29F6940F','B17','SV','5',1,'S. Tefera','2017-02-21','Pit Shelf Unit - Common Shelf'),('818287D982C64664BD4C1A4972C0493A','B17','SV','1',1,'S. Tefera','2017-02-21','Pit Shelf Unit - Cross Member'),('15E89116243F42C0BF981B34F9ECCCBF','B17','SV','1',2,'S. Tefera','2017-02-21','Pit Shelf Unit - Cross Member, Short'),('9B69DB4575D1495B9DD07E576BBDDA6D','B17','SV','2',1,'S. Tefera','2017-02-21','Pit Shelf Unit - Support Beam, Long'),('8F36D1DBD135468EA3C1025048EC14E6','B17','SV','2',2,'S. Tefera','2017-02-21','Pit Shelf Unit - Support Beam, Long'),('9D938E46B4E34D29981EAEDE97AFBD2A','B17','SV','0',1,'S. Tefera','2017-02-21','Pit Shelf Unit - Tall'),('BE261E3CCF024DAF9619F3966CA4DE30','B17','SV','0',2,'S. Tefera','2017-02-21','Pit Shelf Unit - Tall'),('2D7D1DA796F54FDE888610601D2A5687','S17','SB','4',15,'B. Long','2017-01-30','Pitch Adj.sys.  Base Plate'),('DBB0F4E474CE4B80AE52EF745BED7FDB','S17','SB','4',17,'B. Long','2017-01-30','Pitch Adj.sys. Attch. Block'),('B7DA14989FE84F27ACE59A1FA88F9085','S17','SB','4',16,'B. Long','2017-01-30','Pitch Adj.sys. Side Plate'),('31720B4FBD534BD086122C83F2087099','S17','SB','0',12,'B. Long','2017-01-30','Pitch Adjsys Full Asm'),('24B810DB30BE4BD99936218D79836AD0','S17','SB','4',18,'B. Long','2017-01-30','Pitch Adjsys Side>bottom Plate Attch Block'),('10514A7CD33245B0902EF451E4F2CDE2','S17','SL','2',2,'S. Wang','2017-01-16','Pivot Plate'),('6B7497757B68422AAE6175D584ECF25B','S17','SL','2',3,'S. Wang','2017-01-16','Pivot Point Shaft'),('4CE7EA0CBF50402C9D8B6FF0958724B5','S17','BO','2',2,'S. Wang','2017-01-17','Plastic little Triangle'),('80B67B7BDC444B69BB6F00BF03396FF5','S17','BD','4',1,'D. Brandon','2017-01-20','Plastic Plate for Ball Shooter'),('C89AC5811F1E440688C76A1F8E26140A','C17','BO','4',1,'D. Brandon','2017-01-25','Plastic Plate, V2'),('970D5E0FE62F44E3A06CC1B44C8D13C0','C17','CL','4',2,'D. Brandon','2017-02-07','Plug For Sholder Bolt.'),('F7D9EF76728548538C1B2FB2789847DC','S17','SB','5',1,'B. Long','2017-01-16','Prototype backboard/frame'),('8A07F954C68849A0A0229EE657C77A62','S17','SB','6',2,'B. Long','2017-01-21','Prototype design for rotating plate of shooter/loader asm'),('80ADBD56226143CBB0ED17AB7735F0D2','S17','SB','4',1,'D. Brandon','2017-01-17','Prototype Shooter Plate from Plastic'),('C272F4DDE4A7454DB9BFC10C4011F14A','S17','SB','0',7,'B. Long','2017-01-21','Prototype shooter rotating asm'),('BA8D41D93D724AC2A3A6995065663B98','S17','SB','6',3,'B. Long','2017-01-21','prototype stationary plate shooter asm'),('7A2AF2FA3B914E9EB0E7E18A5B9B8CD3','S17','BD','4',2,'D. Brandon','2017-01-21','Retainer Plate for Fabric'),('4F1F458F46B042C4890A968C9A0A64F1','C17','BO','4',4,'D. Brandon','2017-02-04','Retainer Ring For Shooter'),('15A6C5709092420E82C1894F52C095A2','C17','GG','4',12,'D. Brandon','2017-02-23','Right Shoe'),('4EF5936000A54CB19D8CA9A027C9F80F','S17','CH','0',4,'R. Rietveld','2017-01-27','Right Wheel Of Batterfly '),('C29D1EF0CE794098A1F1FD63833AB318','C17','FT','4',3,'D. Brandon','2017-02-10','Ring To Hold Blender'),('6A33849419564FB9893D31FF0F49A1F3','C17','CH','2',33,'D. Brandon','2017-02-06','Riser Block'),('DCBCBF7C0AC84D608441A8BF3D328C66','S17','SB','4',7,'B. Long','2017-01-27','Rotating Plate For Sb Shooter'),('87E576E7413E45AA9E5987ABFC187AF7','C17','GG','2',5,'D. Brandon','2017-02-13','Rotating Shaft'),('06805CBB920D4864B54C0DFC1554F415','S17','BO','1',3,'S. Tefera','2017-01-19','round base plate- top turret'),('6C1F9B1E0ED74D0EAE15C3FB93BD8CC0','C17','FT','2',7,'D. Brandon','2017-01-31','Round Bender Well: Poly Carbonate'),('E85E7EBFBFDB473FBD7049F8209D64AF','C17','FT','2',37,'J. Bassett','2017-02-28','Round Lipe'),('2676BC7F3DE84358B2B27CF55A2E43B3','S17','SB','0',9,'B. Long','2017-01-27','Sb Shooter Rotation Asm V3'),('F780C7AE1E7840038D111CECD852AE33','C17','GG','0',5,'B. Long','2017-02-20','Second/third V Grabber Asm'),('5D53C90581CB4A9EB03C2083AFDBC1D4','C17','GG','2',1,'D. Brandon','2017-02-12','Shaft'),('356FF86FE26142889ADAE255241C65D0','S17','FC','1',1,'J. Bassett','2017-01-16','Sheet Metal'),('80D82107FD624983A4F538EEBF4B4372','C17','CH','1',2,'R. Carranza','2017-02-07','Sheet Metal Strap For Battery Holder'),('0F94CD03AD204D728D1A021EF6FB3CF8','C17','BO','1',2,'J. Bassett','2017-01-26','Shifting Ball Shooter Piece'),('86F08D2340E74A3C818AA35F99351B5A','S17','BO','4',3,'S. Tefera','2017-01-20','Shifting hood side plate'),('B346472453624B66A929D0EA8FBB7C48','C17','ER','3',7,'J. Wu','2017-03-03','Universal Camera Mount'),('130E188B65124E1FACB01A87DCFF57B1','P16','BH','0',2,'R. Carranza','2016-10-25','Shooter - Arm Assy'),('CFB97C8BE4B54AC38D51802093891293','C17','BO','2',5,'K. Dominguez','2017-02-15','Shooter - Fuel Tank Stanchion'),('8453363ED4404FEA9FBB4108BCE14EF1','C17','BO','4',12,'K. Dominguez','2017-02-15','Shooter - Fuel Tank Stanchion Plug, Bottom'),('4A5BFF93BCCE44A184A4068B3D5727B9','C17','BO','4',14,'K. Dominguez','2017-02-16','Shooter - Fuel Tank Stanchion Plug, Top'),('98FEB2E4F4E24205A9398667FC4E2741','C17','ER','3',8,'J. Wu','2017-03-03','Camera and LED mount'),('B54ABB8276C244059175325A8D3EC844','P16','BH','2',4,'R. Carranza','2016-10-25','Shooter - Main Frame - Long'),('5ACA1C09A2114D9C841667A9187AD3D3','P16','BH','2',5,'R. Carranza','2016-10-25','Shooter - Main Frame - Short'),('624CAA27A01A442B963F2F19A8AFFDA8','P16','BH','2',8,'R. Carranza','2016-10-25','Shooter - Mounting Bracket'),('42C8AB117D0742F5A73A7E7B27DC4126','C17','BO','2',4,'B. Long','2017-02-15','Shooter - Pin'),('6CFE2A82C1C64DD4A042F2C3D038A455','P16','BH','2',6,'S. Tefera','2016-10-25','Shooter - Rear Brace Member'),('A3C66E5F93F146F1B16FDF369DB682AA','C17','BO','2',6,'B. Long','2017-02-17','Shooter - Rotation Plate'),('8DBE2EAB2F4C449B89C5FCE216602948','C17','BO','4',15,'B. Long','2017-02-16','Shooter - Screw Support Pillow Block'),('854349DA50AF4EB19D6E0A3ADED59591','C17','BO','2',3,'B. Long','2017-02-15','Shooter - Side Wall Mount'),('05D3B298C4EE4AA499680D2E5B622A73','C17','BO','4',17,'K. Dominguez','2017-02-19','Shooter - Sqaure Thread Pillow Block, Hard Method'),('4E018A8127A7494D871D7D5583CB1FDE','C17','BO','4',16,'K. Dominguez','2017-02-19','Shooter - Square Thread Pillow Block, Easy Method'),('38D76524EA4C46DA8D8C9F30C8AA2445','C17','BO','1',5,'K. Dominguez','2017-02-15','Shooter - Stanchion Anti-rotation Tab'),('F3526B119DE74DDF90D29D053805CD11','C17','BO','0',7,'K. Dominguez','2017-02-15','Shooter - Stanchion Assy'),('F9038B9195B243CAACC5BE24BB3A8D45','P16','BH','1',1,'S. Tefera','2016-10-25','Shooter - Toilet Seat'),('27A9F0CB2ED54F2F9B3FF967588F0586','P16','BH','2',7,'S. Tefera','2016-10-25','Shooter - Toilet Seat Mount'),('EDF136A4632247D4B339925F6DAE4DF3','P16','BH','1',2,'S. Tefera','2016-10-25','Shooter - Toilet Seat Mount 2'),('C6C6E6BC8EB643EE89753F43CFED1D36','C17','BO','2',8,'K. Dominguez','2017-02-19','Shooter - Turn Table Rod - Easy Method'),('EF9AD4DE60E844C888B4711705A21B93','C17','BO','2',7,'K. Dominguez','2017-02-19','Shooter - Turn Table Rod - Hard Method'),('1F014DFCDE24465F901EC15A5FB58BE6','C17','SL','0',2,'D. Fieldhouse','2017-02-18','Shooter Loader'),('3541282D59664C39AFAEBEC475AC5D39','S17','SL','0',2,'R. Carranza','2017-01-17','Shooter Loader Assembly -Twin Turret'),('1C899DCFCA134964A8B69CAAF6DED9D6','S17','SL','4',2,'R. Carranza','2017-01-17','Shooter Loader- Ball Guider'),('B0FF00F842754C579E266902DE615D43','S17','SL','2',4,'R. Carranza','2017-01-09','shooter loader hex shaft'),('6AAF04B97F6C4E8392851682ED4746D6','S17','SL','2',5,'R. Carranza','2017-01-21','shooter loader hex shaft with extruded cut'),('90FFAD7A895B47708BEC689DC077AA50','C17','BO','4',2,'D. Brandon','2017-02-01','Shooter Plate, Forth Version'),('F3BA8BC84BC94B929B893F30654EA6F6','C17','BO','4',3,'D. Brandon','2017-02-04','Shooter Plate, Version 5'),('2E1FC5B447DD4366BEACE9355E955AA3','P16','BH','2',3,'R. Carranza','2016-10-25','Shooter Rotational Shaft'),('4771F419ECEF4C4CA65B6C20002489FC','C17','BO','0',2,'D. Brandon','2017-02-01','Shooter Wheel Assembley'),('A17627ABD6E44B3EBA309059464BDE92','S17','VI','7',1,'K. Dominguez','2017-01-07','Short Bot - Total Volume'),('4482302E7C67420AB402FB69EF660339','S17','VI','0',1,'K. Dominguez','2017-01-07','Short Bot - Volume Assy'),('917F6EF7FFCC49EFB1447D0202E8B11B','S17','CH','2',3,'R. Rietveld','2017-01-14','Short side of Chassis frame'),('CEEB044E7832419AA3EA9318891CCCE0','S17','GH','1',4,'S. Tefera','2017-01-16','Side curved barrier'),('856D6B0B93C548BCBEFB2A66838E1FC7','C17','GG','4',1,'D. Brandon','2017-02-12','Side Mount'),('C7E728C40807443BB8DB5FAEEA9EBEC6','C17','CL','4',5,'D. Brandon','2017-02-07','Side Of Spool'),('B31EADD574FB472B81E8D9BE92B513BE','C17','FL','2',1,'D. Brandon','2017-02-01','Side Panel For Fuel Tank'),('A69B4854CB15446A8B5C6A702D4CFBE6','C17','CL','4',4,'D. Brandon','2017-02-07','Side Plate'),('820C76300D1744FAAF57C39B8AB6A868','C17','FT','4',6,'B. Long','2017-03-02','Side Plate L V2'),('AAE5203E2FE94505A18D94EC6C795E9B','C17','FT','4',5,'B. Long','2017-03-02','Side Plate V2'),('4BE014357F06463198772BCACEBF0C2B','C17','CH','0',7,'D. Brandon','2017-02-06','Side Rail With Butterfly Drive'),('5B8F176156D844B0A6B1FFBBBFDBEA71','C17','BL','6',1,'D. Brandon','2017-02-14','Side View Sketch For Design'),('797A4A98C29041E8B847F54C92F2997C','C17','FL','2',4,'D. Fieldhouse','2017-02-11','Side Wall'),('74F33129A6844DC0B469D0B69557465F','C17','SL','2',3,'D. Fieldhouse','2017-02-18','Side Wall'),('D14084BE333D4DD7800ECC4CB68AF7C5','C17','FT','2',39,'H. Fieldhouse','2017-02-28','Side Wall Barrier On Fuel Tank'),('A5987213FD39496693E10ADB5BAAB85B','C17','BO','4',10,'D. Brandon','2017-02-14','Side Wall For Final Bot'),('4177B27CE967498C9A3637603F4AE10B','S17','BO','0',4,'J. Bassett','2017-01-21','single wheel shooter'),('B970D3BE67ED47519EFCE0DD22B418CB','S17','BO','1',2,'S. Tefera','2017-01-19','Single Wheel Shooter- Frame'),('D42A65444B7D4CB788599C50151AEF9C','S17','BO','7',2,'S. Wang','2017-01-14','Single wheel shooter volume model'),('7DA6928810A14A34A12EE58785867191','C17','FT','2',3,'H. Fieldhouse','2017-01-27','Small Corner Piece Of Fuel Tank'),('A5A435E0C91445DEBE5D31BA4D5BFD7A','C17','CH','4',1,'D. Brandon','2017-02-10','Small Post'),('49A75B9907F74F38B83E4A227C9495F7','S17','SB','0',6,'B. Long','2017-01-20','Small softball shooter full asm'),('27D7D11E33A94F77887304E365268C86','C17','FT','2',1,'H. Fieldhouse','2017-01-27','Small Wall For Front Of Fuel Tank'),('B592C0402F2541899AC059541A201C75','S17','SB','4',4,'B. Long','2017-01-20','Smallified v of softball 2 shooter'),('6C82D58AF560469C8E4CF68A01BF7061','S17','SB','2',3,'B. Long','2017-02-04','Softball - Sideplate To Turntable Connector'),('78014A0CB9DB4D6E9DDAA35C616503B9','S17','SB','4',14,'K. Dominguez','2017-01-28','Softball Shooter - Shooter Mount Plater'),('82438581B31B4310B9ABB64D2D239576','S17','SB','1',5,'B. Long','2017-02-04','Softball Shooter - Side Plater Mount'),('9ADA3CA45D0C41D28A562C46C4DB27A7','S17','SB','0',11,'K. Dominguez','2017-01-28','Softball Shooter Assembly With Angle Limit'),('58A3F90886664E9DB32C2DD128382528','S17','SB','4',3,'B. Long','2017-01-19','Softball Shooter V2.0 - Backplate'),('CC45BF8E0FDF4E4C95BA540825EBCA9F','S17','SB','0',4,'B. Long','2017-01-19','Softball Shooter V2.0 - Full asm'),('0F4AB4EF54574E60A6FE24F5110BD7B9','C17','BO','9',1,'K. Dominguez','2017-02-18','Softball Turntable - Motor Output Shaft (make From SP-03-025)'),('99A53A7159164EFFA11E7D32946380A3','S17','SB','0',5,'B. Long','2017-01-20','Softball V2.1 - Hub and Wheel asm'),('E2030EF7F31A4256BA36A554D68FDC20','S17','SL','4',1,'B. Long','2017-01-17','Softball V2: shooter disc'),('7E90DB892BEA46B4B9008D98020A098B','C17','ER','3',9,'J. Wu','2017-03-03','Camera Mount V3'),('68944DEF487F49F88CD26362B72F941E','C17','BL','4',5,'B. Long','2017-02-27','Spinning \"popcorn\" Sys Plate'),('BB54A78FCEA44EA38FD3B8F6E7630CFD','C17','FT','3',1,'S. Wang','2017-03-03','Spring Support'),('528AAA05F8BF40BE97817A2587E2E677','C17','FT','3',2,'S. Wang','2017-03-03','Spring Support 2'),('97AB7F97AAF2488C93BC6AC08BD81577','S17','BO','4',4,'S. Tefera','2017-01-20','Stable hood side plate'),('2D8F6432A3CB4976983241A50A577AAD','S17','BO','4',5,'S. Tefera','2017-01-20','Stable hood side plate 2'),('598535F2D22B437A84081CD6ABB08DE9','S17','SB','4',9,'B. Long','2017-01-27','Stationary Base Plate For Sb Shooter'),('8FBF1CF94AEC4D7D8B5C6EE5B2AB87C0','C17','GG','4',5,'D. Brandon','2017-02-19','Support Bar '),('290E9BBD099B464B956F7E75F7BEEFB5','C17','BL','2',9,'D. Brandon','2017-02-15','Support Bar For Motor'),('683044D0766541E3B1333E5254D85DC8','P16','BH','2',1,'R. Carranza','2016-10-25','Support Beam'),('6498D5B954B64CF4A405D1EBF67E66CF','C17','BL','2',23,'R. Carranza','2017-02-25','Support Block For Blender Fin'),('B138F4DA4B104545ADBFDA4B8D1302F0','C17','BL','2',21,'B. Long','2017-02-20','Support Bracket For Motor'),('BBE203DE3A034F5B81C50D41BFE438B7','C17','BL','2',14,'D. Brandon','2017-02-15','Table Bottom, New Version, To Fit.'),('A123EDD0A79C45FB94979BBA8CD45532','S17','VI','7',2,'K. Dominguez','2017-01-07','Tall Bot - Total Volume'),('FCFD50DB09254C5AA8C0E81AF4C4EB34','S17','VI','0',2,'K. Dominguez','2017-01-07','Tall Bot - Volume Assy'),('593781125D3A431091E6EF1862E35455','C17','BO','4',6,'D. Brandon','2017-02-14','Test Ring '),('AA76D57234094CF09C0A923F7909F377','S17','FL','1',1,'S. Wang','2017-01-20','The Basi Wall for fuel loader'),('84DB0C1001C24F63A8FA5A2619E9AE1C','S17','CL','1',10,'J. Wu','2017-01-21','This is the mounter for the fin. Eventually going to be cut on a L shape aluminum. Not for CAD modeling.'),('A58F74AFAB8F47A3845498468F31CC03','C17','SL','2',1,'D. Fieldhouse','2017-02-18','Top Cover'),('CEC2596E2D5A4F17BBF67812BC25CBFA','C17','BL','2',5,'D. Brandon','2017-02-14','Top Guild In Blender'),('55AE951AE126460EA608F60A6AAAB7D4','S17','SB','4',12,'B. Long','2017-01-28','Top Mounted motor Back Plate For Sb Shooter'),('E55D8D9E1D4E42C6A3DF0FC23D05B65F','C17','GG','3',1,'B. Long','2017-03-03','Grabber Camera Mount L Bracket'),('534AC83E938A4D6AA75C72CFCC8AC951','C17','BL','2',2,'D. Brandon','2017-02-14','Top Ring'),('26F9254699A14BF4AD525223AE620C7A','C17','BL','2',11,'D. Brandon','2017-02-15','Top Ring, For Bigger Blender'),('33AC337CD15E4A4BB6F2D73DEC250D52','S17','BO','0',2,'S. Tefera','2017-01-19','Top Turret'),('F77F27975FE74CDDB21F0C8665CF0B48','C17','FL','2',2,'D. Fieldhouse','2017-02-11','Top Wall Of Guider'),('A6A3DFB1E50248DCA280533780018860','C17','FT','2',41,'S. Wang','2017-03-03','Top Wing Slider'),('F35C46D353264BDFBA496931492B838D','S17','CH','0',2,'R. Rietveld','2017-01-16','Traction wheel for butterfly drive'),('EA96B09B46D548DDA85A669ABCBA4BCF','C17','CL','2',2,'S. Wang','2017-02-03','Trianglar Support For Climber'),('770ED46EA6C94860B9E11BF1D59A604C','C17','GH','1',5,'S. Wang','2017-02-04','Trianglar Support For Nuematic'),('C987B999561245308B653E060CB199C3','C17','BO','4',8,'D. Brandon','2017-02-14','Turn Table Top, New Version'),('8AF8A24503B84551A3DB643186E16DDB','C17','BO','4',18,'J. Wu','2017-02-23','Turntable Sensor Mount'),('4F1A62D4C16D438A8ED71B3EAE84CF8D','S17','BO','4',7,'J. Bassett','2017-01-21','Turret Inner Shield'),('2A399E1091684611829A6FCE673B4056','S17','BO','0',3,'J. Bassett','2017-01-20','turret lazy susan'),('26705947A7E347C7BE2FC09424A53A30','S17','BO','4',6,'J. Bassett','2017-01-21','Turret Outer Shield'),('7E7FF5DCA6064810936E7C633EAE1EB3','S17','FS','4',1,'J. Bassett','2017-01-21','Turret Outer Shield'),('42A3B9ACA743411DBCAEC4BEE1ADD233','S17','ER','0',3,'K. Dominguez','2017-01-20','Twin turrent design v2'),('B9B895AE2B76499FADE63698D640A09E','S17','SL','7',1,'K. Dominguez','2017-01-17','Twin Turret - Shooter Loader Volume'),('D395F2605ADB4450A336F7E3EF1D9478','S17','ER','0',4,'H. Fieldhouse','2017-01-26','Twin Turret - V3'),('87676708093F49CDA7A64DF3C97116B0','C17','GG','3',2,'B. Long','2017-03-03','1x2 Bracket For Mounting Gg Cam'),('875A381450F04DB28320F66F6DF36994','S17','SB','0',13,'B. Long','2017-02-07','Updated Shooter Sma'),('50379F5F606547E3A486E2A69D84DE85','C17','BL','2',17,'D. Brandon','2017-02-16','Upper Motor Support'),('1EA2649363994565A2123F3FBAC100D3','C17','FT','2',22,'D. Brandon','2017-02-13','Upper Ring For V4'),('1345334B656546139A539F4832D81D85','C17','GG','3',3,'K. Dominguez','2017-03-07','Gear Grabber - 2 D.O.F. Camera Mount'),('3E13297900BE4C4BA705D2434B8AC4D0','C17','GG','0',4,'D. Brandon','2017-02-19','Version Two'),('AD52948B49224CE3812CE51E0DC18295','C17','GG','3',4,'B. Long','2017-03-07','Gear Grabber - 2 D.o.f. Servo To Servo Connector'),('C88D41B863D84186B0151F9B49741EC2','S17','BD','7',1,'S. Tefera','2017-01-09','Volume - Ball Shooter - Dual Wheel'),('D591E831BF3641A1AADA3AA361D04454','S17','BO','7',1,'S. Wang','2016-01-09','Volume - Ball Shooter - Single Wheel'),('B4189C7784754A7F83C3C6D6E923EC5B','S17','CH','7',6,'K. Dominguez','2017-01-09','Volume - Chassis - Short Volume, Least Intake'),('63CE12E8CB9B445ABD997A176D385374','S17','CH','7',3,'R. Carranza','2017-01-08','Volume - Chassis - Short Volume, Mecanum'),('AEAB3FB4B4E04BBD8980E5C8475FEB85','S17','CH','7',2,'R. Carranza','2017-01-08','Volume - Chassis - Short Volume, Most Intake'),('06BB51781D5841FABF060C0B1BD001FF','S17','CH','7',5,'K. Dominguez','2017-01-09','Volume - Chassis - Tall Volume, Least Intake'),('CF23D5E4324049EB9B1497B4A368473A','S17','CH','7',4,'R. Carranza','2017-01-08','Volume - Chassis - Tall Volume, Mecanum'),('3B7AC089E5834DEFB735C73F20AAAAB1','S17','CH','7',1,'R. Carranza','2017-01-08','Volume - Chassis - Tall Volume, Most Intake'),('4FAE4649B434437D9D1AF2C0447392EF','S17','CL','7',1,'B. Long','2017-01-08','Volume - Climber - Box Frame'),('5832DA0E951445788A385895CE945212','S17','CL','7',2,'B. Long','2017-01-08','Volume - Climber - Center Bar'),('E7117B29633E444CB9FD5ED8EA5DC667','S17','CL','7',3,'B. Long','2017-01-08','Volume - Climber - Rough Racket Device'),('60E82A8A59C44F628629A51ACAD0690B','S17','GH','7',1,'S. Tefera','2017-01-09','Volume - Gear Holder'),('94177B9160A54E0F9BC636E90B918CD9','C17','BL','2',12,'D. Brandon','2017-02-15','Wall For Big Blender'),('0BFFFAAF87A348478427F6BD86414F20','C17','BL','1',1,'R. Carranza','2017-02-28','Wall For The Blender'),('313FD2FC98C4468EB86ABBA6C20D801F','S17','FC','1',3,'S. Wang','2017-01-21','wall of fuel collector'),('F669666AB0814660B7E563E6002F4EBC','S17','FT','2',5,'S. Wang','2017-01-26','Wall Of Fuel Tank Without The Cutting'),('A153BEB1A79A4472A2402E7C52DD91F9','S17','SB','4',11,'B. Long','2017-01-27','Washer For Sb Shooter Rotatieros'),('3C00E346E15440D7835AB79CCC6A2BF5','S17','CL','4',4,'R. Carranza','2017-01-28','Wasted Guiding Fin L Bracket'),('9D2500DC6A294C6FB350D36A8667B68F','C17','CL','2',7,'D. Brandon','2017-02-08','Weld Plate To Fix'),('138BA097A94D42D1B3D03E96CFDA9EF3','C17','CH','0',9,'S. Tefera','2017-02-06','Welded Frame Of Robot'),('F84DE68808E6415597D738183BA82727','P16','BH','3',1,'R. Carranza','2016-10-29','Window Motor Mount'),('B72FC3EB73D5403FB10F585AF17A5909','C17','FT','1',2,'S. Tefera','2017-02-02','Wing For Size Of Fuel Tank'),('1A9440BCA2E24563A5F430AF22C35D86','C17','FT','2',18,'J. Bassett','2017-02-04','Wing Hinge'),('ADBD2C7FC0D245A1A9A580FC8356F3A9','C17','FT','2',45,'S. Tefera','2017-03-04','Wing Of 9th Fuel Tank '),('FDE0C1DDD61947A9A00A5759526475C4','C17','GG','0',8,'D. Brandon','2017-02-25','With Chassis And Bumbers'),('D706CB575A93492EBD7DD4B204E6D30F','S17','SB','4',10,'B. Long','2017-01-27','Yaw Adjustment Block For Shooter'),('A70A778DF8BA44EFA13D9AA26147A269','N18','CH','6',2,'J. Bassett','2017-01-19','Tilted Scale With Cube'),('63327765EF5A4A228CA0DCC974F06E01','P17','CH','2',1,'S. Wang','2017-09-26','6 Wheel Chassis - First Part Of The Season!!!!!!!!! (basic Long Side Bar For The 6 Wheels Chassis Modified From 2015 Season'),('DFC76798ADE24BE6A12C2B9C2C675092','P17','CH','2',2,'S. Wang','2017-09-26','6 Wheels Bottom Modified From 2015 Seasons'),('CE6918CEFACF45178ED14B6711C99144','P17','CH','0',1,'S. Wang','2017-09-26','First Assembly of the season. Lets go boi!6 Wheels Chassie Modified From 2015 Season'),('2F6DD6278BC14C2BA339320600A3FE63','P17','SW','1',1,'R. Rietveld','2017-09-30','Ball Sweeper - Motor Mount'),('96495B4500AB4044AE9185A55221E6BE','P17','SW','2',1,'R. Rietveld','2017-09-30','Ball Sweeper - Sweeper Bar'),('B828BDDACFF44F5D97A1CB772E7E7DA9','P17','FL','2',1,'J. Bassett','2017-09-30','FLL Fog Catcher - Middle Axel A'),('7B04CA4B18AF4A0C8B840E6690E350C6','P17','FL','7',1,'J. Bassett','2017-09-30','FLL Fog Catcher - Wheel A'),('AAFFD86DC7584C0A92DAFA179EBC17B5','P17','SW','4',1,'R. Rietveld','2017-10-03','Sweeper Bar Plug'),('3CC4BEFE5AEB431AA4A3AFAF9C8DE101','P17','SW','2',2,'R. Rietveld','2017-10-07','Ball Sweeper - Base 80-20'),('8CBE46A835F94BEC97921084899C8E10','P17','SW','2',3,'R. Rietveld','2017-10-07','Ball Sweeper - Upright Stand 80-20'),('A1934780C3444F50B1D0849095174FFA','P17','SW','2',4,'R. Rietveld','2017-10-07','Ball Sweeper - Crossbar 80-20'),('1BFC1874CFAA41C5B003CB03F34BD3E1','P17','FL','9',1,'J. Bassett','2017-10-07','FLL Fog Catcher - Screen  A'),('CB6940CA968B4C269EB0D459A5CCB454','P17','FL','0',1,'J. Bassett','2017-10-07','FLL Fog Catcher - Main Assembly'),('EB632D015F6C46B09FC5CC47192A645C','P17','FL','7',2,'J. Bassett','2017-10-07','FLL Fog Catcher - Wheel B'),('6E1B2C924F9E41D6BA48B35866103058','P17','FL','2',2,'J. Bassett','2017-10-07','FLL Fog Catcher - Axel B'),('7C777D5A6473481C9F76DE72CC058274','P17','FL','7',3,'J. Bassett','2017-10-07','FLL Fog Catcher - Screen B'),('72BC639263BC46A4B92909ECDE3188B9','P17','FL','0',2,'J. Bassett','2017-10-07','FLL Fog Catcher - Assembly B'),('0CAF00D3AB4C4FCC9D5C788BFABDDDD6','P17','CH','2',3,'M. Schroeder','2017-10-21','6 Wheel Chassis - Inside Bar'),('4C36EEF77DD8470FA2BF2AEFB6DC0518','P17','CH','6',1,'M. Schroeder','2017-10-21','6 Wheel Chassis - Outer Frame'),('BAAB9B69F9E342AEBDD8A428CA2B3237','P17','CH','4',1,'M. Schroeder','2017-10-21','6 Wheel Chassis - Plug'),('989740D283134C79B63E054D4684B68E','P17','CH','2',4,'M. Schroeder','2017-10-21','6 Wheel Chassis - Outer Frame Bar 1'),('21479D308DB04F90A8F29BBC51B40386','P17','CH','2',5,'M. Schroeder','2017-10-21','6 Wheel Chassis - Outer Frame Bar 2'),('D0C9B739C924427BAA5A52832A01B424','P17','SW','1',2,'R. Rietveld','2017-10-24','Ball Sweeper - Double Sided  Shaft Mount'),('4CA179FF9C7B466AA1846E521916AD13','P17','SW','1',3,'R. Rietveld','2017-10-24','Ball Sweeper - Shaft Bracket'),('313B7DD0234E43A58C0FF04ADCC2C375','P17','CH','0',2,'M. Schroeder','2017-10-24','6 Wheel Chassis - Assembly'),('BA3BCB3AA77349AF9AA842040883F149','P17','CH','3',1,'M. Schroeder','2017-10-28','6 Wheel Chassis - Bolt Spacer'),('D2F5185EF97C4D50BF3F5A5BCD361B66','P17','CH','3',2,'M. Schroeder','2017-10-28','6 Wheel Chassis - Bolt Spacer 2'),('212F28FB43CB4FD4B53FF1C18488D15D','P17','CH','2',6,'M. Schroeder','2017-10-28','6 Wheel Chassis - Motor Hex Shaft'),('5785DCEE01774A3F9AF5C5DC8BF34399','P17','TS','5',1,'B. Long','2017-10-28','The Top Plate Onto Which Camera &c Attached'),('08A717E12C7D4E2A879EBC203FFEC7A6','P17','TS','3',1,'B. Long','2017-10-28','Mount For Camera And Military Grade Death Laser'),('D6F7FD93C099404DA7E166C2BF01F20A','P17','TS','5',2,'B. Long','2017-10-28','Base/stand To Support Everything Else'),('0096483654294C80825948960055B8FD','P17','TS','2',1,'B. Long','2017-10-28','3x1 Modified To Support Cameraboi'),('E32E11DCFB9C42F59C8C53CE1572DA36','P17','TS','2',2,'B. Long','2017-10-28','3/8 Hex For Camera'),('699F591FF9E148F08DA1DBC3E93A792A','P17','TS','5',3,'B. Long','2017-10-28','Wooden Support Block To Elevate Asm'),('E1A7E4BF230F49AE98E544CA80080C76','P17','TS','2',3,'B. Long','2017-10-28','Motor Mount For Worm Gear'),('9D0F869B050B4B2FBC80368C543776D0','P17','TS','3',2,'B. Long','2017-10-28','Worm Gear Modified From andymark am-2366'),('CD20909E10D14D1387AE17402DBA176A','P17','TS','5',4,'B. Long','2017-10-28','Wooden Buffer To Put Pulley At Correct Loc'),('51F817062D534D549D804B26939CEEDA','P17','TS','0',1,'B. Long','2017-10-28','Full Targeting System Asm'),('3961CBAFA5DA41D2AC0B99C533C4A19E','P17','SW','2',5,'R. Rietveld','2017-11-02','Ball Sweeper - Pulley Shaft'),('61FA2A49762648CD86B9BCEF9B89A2A0','P17','CS','2',1,'D. Fieldhouse','2017-11-02','Tony Table - Top Front Rail'),('52C9BD8BFB9D4ED3870195487A212FBA','P17','CS','2',2,'D. Fieldhouse','2017-11-02','Tony Table - Top Back Rail'),('CEA25EC74A1D41C494692732CF45FED6','P17','CS','2',3,'D. Fieldhouse','2017-11-02','Tony Table - Top Side Rail'),('D644A4AEB5EC4C738779B849A946FE63','P17','CS','2',4,'D. Fieldhouse','2017-11-02','Tony Table - Leg'),('8D4EB22E6AB14B67B5BD16C2DE375C9F','P17','CS','2',5,'D. Fieldhouse','2017-11-02','Tony Table - Shelf Support'),('2426F7AFA88D4B488019FD658BEB50F7','P17','CS','4',1,'D. Fieldhouse','2017-11-02','Tony Table - Leg Cover'),('599AC71556474E35AF7526AE6E9BED6A','P17','CS','0',1,'D. Fieldhouse','2017-11-02','Tony Table Base Assembly'),('B2D4212F77F94862AE728089D5B12330','P17','TS','2',4,'B. Long','2017-11-04','A 3x1 That Holds The Elevation Encoder'),('5A6B34E9228348BEBBEBB6A670828B30','P17','TS','3',3,'B. Long','2017-11-04','Encoder To 3/8 Hex Connectifier'),('578D22B899F5459C9DC7BD5068815AB4','P17','CH','2',7,'S. Wang','2017-11-07','Pdm Practice Scrutch Part'),('9DB008CC1DA54DC38409FC5AD14C241F','G17','GN','4',1,'S. Wang','2017-11-07','0.5\" Hub W/no Key'),('B15AEF84604E4AA091E427F8BA201900','P17','SW','4',2,'R. Rietveld','2017-11-09','Ball Sweeper - Modified Pulley'),('3B8B0219ABA44996A90BD5068B386890','P17','TS','3',4,'B. Long','2017-11-09','Modified Worm'),('8CCB47788A024DDC884455AF76D258B0','P17','TS','2',5,'B. Long','2017-11-09','2x2 With .875 Bearing Hole'),('E07C388DEACA425985F513D2C03EA060','P17','SW','2',6,'R. Rietveld','2017-11-11','Ball Sweeper - 80-20 Cross Support'),('B9F7EFB6A9714480911E60B28E7F3132','V18','LW','1',1,'T. Qu','2018-01-08','Back Base Of The Claw'),('CDB2747B4AF842428A0FD10E5B3397D1','V18','LW','1',2,'T. Qu','2018-01-08','Moving Part Of The Claw'),('857DAAA455434C46AAFAA22F1CBDAC6F','V18','LW','1',3,'T. Qu','2018-01-08','Arm Side Of The Claw'),('3CB62700847E4C52B5236AE52AACDB77','V18','LW','0',1,'T. Qu','2018-01-08','Claw First Prototype'),('E5B8678C8C3945C4A0E81F0BF0AC05B7','V18','LW','1',4,'T. Qu','2018-01-08','Mirror of Back Base Of The Claw'),('BAF78467321F45EFAE9250F63C69D0F2','V18','LW','1',5,'T. Qu','2018-01-08','Mirror Moving Part Of The Claw'),('8BE0BD284B7F45A8B40D0020ADD6D8BB','V18','LW','1',6,'T. Qu','2018-01-08','Mirror Arm Side Of The Claw'),('56477A16204744EFACAA48443B9AD9D5','N18','BF','2',1,'R. Rietveld','2018-01-08','Cassette - Concept Bar'),('0697572796BE4B3DA010D34E396CF5C8','N18','BF','1',1,'R. Rietveld','2018-01-08','Cassette - Concept Bracket 1'),('6F0789E12702409B8C585D99B2B1D07B','N18','BF','1',2,'R. Rietveld','2018-01-08','Cassette - Concept Bracket 2'),('D668E94E50A743218256D3B64F3B9517','N18','BF','6',1,'R. Rietveld','2018-01-08','Cassette - Concept Wheel/axle '),('EF6136A838644CED9850467F3E96296D','N18','BF','1',3,'R. Rietveld','2018-01-08','Cassette - Concept Bracket 3'),('F1E16CB9ADD741BD895DA7B7AE1197D9','N18','BF','0',1,'R. Rietveld','2018-01-08','Cassette - Concept Bracket 1 Assy'),('DFEE0F3073954FCCA1E35B57262A6B37','N18','BF','0',2,'R. Rietveld','2018-01-08','Cassette - Concept Bracket 2 Assy'),('2C21AA387D514FEE8DCDD1CB6A97F96F','N18','BF','0',3,'R. Rietveld','2018-01-08','Cassette - Concept Bracket 3 Assy'),('861A8DC7813041A18F91C53BDE96D794','F18','FE','6',1,'K. Dominguez','2018-01-08','Floor'),('4AC9C51A70104D25BB06D333CEF91C4E','F18','FE','6',2,'K. Dominguez','2018-01-08','Robot Volume - Starting Cofig'),('C91F50A7B5154451AA1F612F4AB03252','F18','FE','6',3,'K. Dominguez','2018-01-08','Robot Volume - Deployed Config'),('20DEA02BFC784BF1938A04E8AF7024B4','V18','CH','6',1,'B. Long','2018-01-08','Volume - Chassis Basic'),('2BD9FA9B30D0430E80335AABB9BEBE1E','V18','LD','0',2,'B. Long','2018-01-08','Ladder Arm Design - Assembly #2'),('B0C4CA19750C4481923139AD78C28F83','V18','LD','6',1,'A. Yanney','2018-01-08','Ladder Arm - Arm #1'),('5CB5C615AF7041AF992BF35EE0F4298D','V18','LD','6',2,'A. Yanney','2018-01-08','Ladder Arm - Arm #2'),('C0973A8F02AB4F26B2E2B9E8B2F4B227','V18','LD','6',3,'A. Yanney','2018-01-08','Ladder Arm - Arm #3'),('83251A6AA8D44C5AA41BCFF820BBDFD2','V18','LD','6',4,'A. Yanney','2018-01-08','Ladder Arm - Body'),('D54A1015804842D3BD588157421DDC7F','V18','LD','6',5,'A. Yanney','2018-01-08','Power Cube'),('CECC3F4BC79340B399511B97462D0DC9','V18','LD','6',6,'A. Yanney','2018-01-08','Ladder Arm - Arm Pin'),('B633BC213B754E939AE5FBA5B474AD37','V18','LD','0',1,'A. Yanney','2018-01-08','Ladder Arm - Assembly'),('0AA190D7229A44EEB6A60F1F8E645DE2','V18','LD','6',7,'A. Yanney','2018-01-08','Ladder Arm - Arm #4'),('7DB71EFBA2EE4E28B6A9CF873CA8D9E5','V18','LD','6',8,'A. Yanney','2018-01-08','Ladder Bot- Grabificator'),('DFEDD782F3574591AF5EE54A24C77766','V18','LD','0',3,'A. Yanney','2018-01-08','Ladder Arm Design- Assembly #3'),('6ABD342A89BC405C8F1023DDD810F5E4','V18','LW','1',7,'T. Qu','2018-01-09','Extended Part Of The Claw'),('7C69EC57B97F4236AFFD65793916D5B8','V18','FA','0',1,'S. Wang','2018-01-09','Sam Wang Edition Assembly'),('ECC1C9F0D86E42FBB8020AF090BD49ED','V18','FA','6',1,'S. Wang','2018-01-09','Sw: 4 Arms Folding  First Arm'),('FB4D8ACD4CCD46FC83D3E4A7589A9BD2','V18','FA','6',2,'S. Wang','2018-01-09','Sw: 4 Arms FoldingSecond Arm'),('EE0801505C644AE2B7590BADC578CB3C','V18','FA','6',3,'S. Wang','2018-01-09','Sw: Third Arm/outake'),('3E54F16275684C64A8D968A390FA1708','V18','FA','6',4,'S. Wang','2018-01-09','Sw: 4 Arms Folding Fourth Arm'),('260C6A83AAA84BB5B44400B639DD5BC3','N18','BF','1',4,'R. Rietveld','2018-01-09','Cassette - Concept Shaft Yoke'),('E86273BEB2C6486D8721C802F7BE6C05','V18','GN','0',1,'K. Dominguez','2018-01-09','Starter Assembly'),('EE0DD10537B34BD691EFB59907FCA793','V18','PD','6',1,'J. Bassett','2018-01-09','Pendulum - Short Bar '),('79458A5F5B0A473383C1A4319D997549','V18','PD','6',2,'J. Bassett','2018-01-09','Pendulum - Long Bar'),('473BB33DEFB44F369E9F67C2341AAA4C','V18','PD','6',3,'J. Bassett','2018-01-09','Pendulum - Short Arm'),('4747113814614A46BD6970E0EEDDC121','V18','PD','6',4,'J. Bassett','2018-01-09','Pendulum - Long Arm'),('D87E18CED55F4789AE75576F28CFD65E','V18','PD','6',5,'J. Bassett','2018-01-09','Pendulum - Base '),('6AF3E3EE08E84A35A64FE162BB15C1F4','V18','PD','0',1,'J. Bassett','2018-01-09','Pendulum - Prototype Assembly'),('CE50EF0F91114FC2B323830A00D87BB0','V18','PD','6',6,'J. Bassett','2018-01-09','Pendulum - Smallist Bar '),('DB6535A446354766A790D7A8D9207584','N18','LW','1',1,'T. Qu','2018-01-11','Modified Frame Of Motor Part'),('2062671B18F54BFBB9B44AFAF55CE1DA','N18','LW','1',2,'T. Qu','2018-01-11','Extruding Version Of Claw'),('03763799269644B399851F34B7DD71A8','N18','LW','0',1,'T. Qu','2018-01-11','Claw Mk.ii'),('03B3B79CDCCC4F5A824A3368E21D8450','N18','LW','1',3,'T. Qu','2018-01-11','Modified Frame B'),('4402772995F1456B90FB3D7461A8F928','N18','LW','0',2,'T. Qu','2018-01-11','Cube Claw Assy 1.2'),('D10BD9B0F5C745BF83D32FE1AC27760E','N18','LW','1',4,'T. Qu','2018-01-11','Claw Pivot Arm - Mirror'),('28C7F6D27CE84593BDD3BCFC75B70B4B','V18','FA','6',5,'S. Wang','2018-01-11','Sw: 3 Arms Folding - 1st Arm'),('D83924205AB44631B97B05AEDA5AAB8C','V18','FA','6',6,'S. Wang','2018-01-11','Sw: 3 Arms Folding - 2rd Arm'),('018516FF9EAB4256B79BF0B278A9B911','V18','FA','0',2,'S. Wang','2018-01-11','Sw: 3 Arms Folding'),('BFD5FD2B0E884DC7A85105F30824231A','V18','FA','0',3,'S. Wang','2018-01-11','Bane Bot Arm Motors'),('EB72D8B2342C4CAF8BB147E07922A514','N18','BF','6',2,'R. Rietveld','2018-01-11','Cassette - Wheel/gear Housing'),('1157FA65FC4C49C49734F33ADE8C9FB3','N18','BF','2',2,'R. Rietveld','2018-01-11','Cassette - 1/2 Inch Hex Shaft'),('9AB85BE294634C4BA94569A8932EE924','N18','BF','0',4,'R. Rietveld','2018-01-11','Cassette - Proto Assy Cassette'),('FA434AD057D84574969F12BB21F5DC4B','N18','WH','1',1,'M. Schroeder','2018-01-11','Frame Of Cube Intake System'),('58A72CF3B4134EEB93B4A52849BCB61F','N18','WH','0',1,'M. Schroeder','2018-01-11','Wheel Cube Intake System Assembly'),('37ADDAE017CD441487555572C72EE795','N18','FK','2',1,'B. Long','2018-01-11','Stage 1 V0.1 (5x2 Tube)'),('33347A759DFD40B5B69691E27B991CFC','N18','FK','0',1,'B. Long','2018-01-11','Forklift Asm'),('6F2E22718ECF4277AFD73C70C458E1A5','N18','FK','4',1,'B. Long','2018-01-11','Mid Stage'),('A59326FECBFB4B969A79AF68961CEB9D','N18','LD','2',1,'A. Yanney','2018-01-11','Hex Shaft'),('DEB47AC2B97B4EDCB39DFF7277266A5F','N18','LD','2',2,'A. Yanney','2018-01-11','2x1 1/8 Inch Hollow Extrusion'),('3543F73B082E41429E3061C2BC490142','N18','LD','0',1,'A. Yanney','2018-01-11','Ladder Arm - Top Assy #1'),('199443AC908A444C8BDBFC1D4B07745D','N18','LW','1',5,'T. Qu','2018-01-12','The Half-rotate Frame'),('0C111F82127943CC925A484082C914E3','N18','LW','1',6,'T. Qu','2018-01-12','Hinge'),('4505FA8726114842BC2F2E03032BA51A','N18','LW','1',7,'T. Qu','2018-01-12','Lower Frame'),('77A89364D16C40B1B7316619D484884F','N18','LW','1',8,'T. Qu','2018-01-12','Arm Attachment'),('382FAA40B7864A26AE38DA6C934332A0','N18','LW','0',3,'T. Qu','2018-01-12','Claw Mk.iii'),('10F852BAD9194D168AAB01832B93BFB4','N18','BF','2',3,'R. Rietveld','2018-01-12','Cassette - L-shape Mounting Bracket'),('14B3BD082BBD42558A5304A861E57410','N18','WH','4',1,'M. Schroeder','2018-01-12','T-bracket With 1.124in Circle Milled Out'),('1B846FC7E14544378AFF6DD0C60CF862','N18','WH','2',1,'M. Schroeder','2018-01-12','Hex Shaft - 7in'),('5C8560C96AC54336B1A1F70267888D07','N18','WH','0',2,'M. Schroeder','2018-01-12','New Cube Intake System - Moveable Arms'),('4FBEFAEC026340AC8A96E28E82ED18EF','N18','WH','4',2,'M. Schroeder','2018-01-12','New Cube Intake - Back Frame'),('D0956424F1C449CA8836A4E7D092D5BF','N18','WH','1',2,'M. Schroeder','2018-01-12','New Cube Intake - Arm Frames'),('CB4F7A4C5A624E438C657525E406CECA','N18','WH','6',1,'M. Schroeder','2018-01-12','New Cube Intake - Experimental Turning Bracket'),('CE14D06FC55249AB84A395EEA9FFB5EE','N18','WH','6',2,'M. Schroeder','2018-01-12','New Cube Intake -  Experimental Turning Bracket'),('A2DD7B5D0FD941E4A661D9E6DF7C5C3C','V18','CH','0',1,'J. Bassett','2018-01-12','Welded Chassis'),('9317A3655A2B416A87BAA4E62E3154A9','N18','CH','2',1,'J. Bassett','2018-01-12','1x2 31.5\"'),('AAABC8C773EF41B3B9EF28913CEA4E07','N18','CH','2',2,'J. Bassett','2018-01-12','1x2 31.5\"'),('0BBCAB01D4184F39ABBE4B7D950DA7F2','N18','CH','2',3,'J. Bassett','2018-01-12','1x2 27.5\"'),('F26B3E7DCFF340C0BA4C4E97795AFD13','N18','CH','2',4,'J. Bassett','2018-01-12','1x2 6.5\"'),('CA291446AD4B44EF98B19E359EB7F6B2','N18','CH','2',5,'J. Bassett','2018-01-12','.5x1 31.5\"'),('A55E0B43920D4FFFB82D029A795344E5','N18','CH','2',6,'J. Bassett','2018-01-12','.5x1 27.5\"'),('BB45EE83349A442587311B0F01DCBCFC','N18','CH','2',7,'J. Bassett','2018-01-12','.5x1 6\"'),('A3B84A17D72D4B0AB3638506201AD92D','N18','FK','6',1,'B. Long','2018-01-12','Chain Vol'),('FBF76308228E47769AB9CAD8899454FE','N18','LD','2',3,'A. Yanney','2018-01-12','2x2 C Channel'),('4B880942F42940DB9BA30B903AF7EDAE','N18','LD','2',4,'A. Yanney','2018-01-12','1.735x1.735 C Channel'),('7FEFD2D856C6453181006C14EB630E44','N18','LW','1',9,'T. Qu','2018-01-13','Modified Frame'),('CF4DD78FEFDB483F91CA8EC02C68635A','N18','LW','1',10,'T. Qu','2018-01-13','Opposite Verison Of Hinge'),('9E8310D4E4624515BA26E539FF017B15','N18','LW','1',11,'T. Qu','2018-01-13','Turret Base'),('4A4C010B0CFF49019C9CEE91C8612724','N18','LW','0',4,'T. Qu','2018-01-13','Claw Mk.iii B'),('52C6D8150A3840EDA26039CB84963103','N18','WH','4',3,'M. Schroeder','2018-01-13','New Cube Intake - Back Protective Frame'),('384849F2C5AA44F3983EE33088045DFB','N18','CL','2',1,'H. Fieldhouse','2018-01-13','Scissor Lift Beam'),('FF6CAC03E5AE49AAA6550BDA975D7960','N18','CL','4',1,'H. Fieldhouse','2018-01-13','Scissor Lift Pin'),('45DB1F6933624B74A7E0BB349D12E885','N18','CL','0',1,'H. Fieldhouse','2018-01-13','Scissor Lift Climber'),('46FF9F4208CC4D6ABA6241F019C0A44B','N18','MS','2',1,'B. Long','2018-01-13','Stat. Support'),('404D3B94909D4AEF9DBF4A401B38352C','N18','MS','0',1,'B. Long','2018-01-13','Wedge Samarm'),('96E260CD3D9E4A2D86469E69FD4FAF68','N18','MS','2',2,'B. Long','2018-01-13','Arm 1 (side: Second Arm Drive)'),('181743148A504BBD97EFAC33F2CEFB7F','N18','MS','2',3,'B. Long','2018-01-13','2nd Arm Linking Rod'),('78D3A8D6650141948133A53BA31CC330','N18','MS','2',4,'B. Long','2018-01-13','Long Rod'),('0E891011D8684E35B4C6183905E04605','N18','LD','4',1,'A. Yanney','2018-01-13','14-1/2 Degree Gear Rack (based On Supplier Part)'),('81C73F9187404DE4A5FC48B8A31BE591','N18','LW','1',12,'T. Qu','2018-01-15','2*2*1*1/8 Part'),('228529A8487F4A1A90A35F887CB9A591','N18','LW','1',13,'T. Qu','2018-01-15','6*2*1*1/8 Extrusion'),('7DF3757AD7604F41A09846F31F16415F','N18','LW','1',14,'T. Qu','2018-01-15','2.25*2*1*1/8 Extrusion'),('32B3F76E6A0B43F6BBA7192A86688471','N18','LW','1',15,'T. Qu','2018-01-15','Frame Base'),('D52E4F698CED4AF4A2C08EB1703B1F19','N18','LW','1',16,'T. Qu','2018-01-15','Claw Arm'),('83111F3B23194507A7ABF56F4233E77C','N18','LW','2',1,'T. Qu','2018-01-15','Pneu Attachment-1'),('FA9FA863EE764AC097859F14D1D39A1A','N18','LW','2',2,'T. Qu','2018-01-15','Penu Attachment-2'),('CB126090BF6345E785974BDF1843FBE2','N18','LW','0',6,'T. Qu','2018-01-15','Claw Mk.iii Modified'),('FD2C93E641FA463EAE1D88DE31AD41FC','N18','CL','1',1,'S. Wang','2018-01-15','Climbing Hook'),('2827C697F031419CA3D50B7E314F70F5','N18','CL','0',2,'S. Wang','2018-01-15','Hook Assembly'),('E0A1DC1CD07B47FA9948D25007A011F1','N18','BF','0',5,'R. Rietveld','2018-01-15','Cassette - Mirror Proto Assy'),('C25987EE4DB9492B9694C7185CC34428','N18','BF','2',4,'R. Rietveld','2018-01-15','Cassette - L-shape Mounting Bracket Mirror'),('2FAC4BB88192425CB8E0BEC9D69F823D','N18','BF','4',1,'R. Rietveld','2018-01-15','Cassette - Small Welded Stub'),('42950DA1D8AB40B8857518AC947E6136','N18','LW','0',5,'M. Schroeder','2018-01-15','Claw Cube Intake System - Uses Pneumatics To Power Arms'),('E9482BC8270F4651903021FD087B5172','N18','CH','2',8,'J. Bassett','2018-01-15','Chassis Vertical Wedge Stand'),('81D5C28D73F048C0B3AFCB8126CE653A','N18','CH','0',1,'J. Bassett','2018-01-15','Entire Robot'),('C5EBF8CE39CB48C4A00899F1E406838E','N18','CL','0',3,'H. Fieldhouse','2018-01-15','Scissor Lift Climber Assy'),('6C5C02D6A83844868EF0B945934EC8BB','N18','TL','2',1,'B. Long','2018-01-15','Outer Telescopi'),('799BDE9CE75B4A36A7BFEEA7B6C7651E','N18','TL','2',2,'B. Long','2018-01-15','Mid Arm'),('A6E94E677EA249CBA89702B7E7328CE7','N18','TL','2',3,'B. Long','2018-01-15','Innner'),('DBA7BE62D24F4CEEB373235F0EC0FA96','N18','TL','2',4,'B. Long','2018-01-15','L Bracket For Sprockets'),('1B3F52859DEB4375AD2C4EC1C1E44D66','N18','TL','0',1,'B. Long','2018-01-15','Telescoping Asm'),('A19EC296C6174DC989BC7F8CC2F02FD7','N18','TL','6',1,'B. Long','2018-01-15','Chain'),('6D88BAD5F3894E4DB14636A5BEA4E22D','N18','LW','1',17,'T. Qu','2018-01-16','Large Claw Frame'),('7453FBDE62D54BD8A0315EF928FE2522','N18','BF','4',2,'R. Rietveld','2018-01-16','Cassette - Pivot Block'),('77087FD4DD0C4525A0168F397320E764','N18','LW','2',3,'M. Schroeder','2018-01-16','Claw Cube Intake System - Arms'),('A888E51B9C2F4A139A51E97877E349B1','N18','LW','2',4,'M. Schroeder','2018-01-16','2\" By 1\" Extrusion - Possible Found In Raw Stock, But No Supplier Part'),('2E684338C13F4941BD7FC1783742A1A0','N18','BF','0',6,'J. Bassett','2018-01-16','Mirror Of Cassette'),('36EB8EA8E2794B7EBDAB746872958F15','N18','CH','0',2,'J. Bassett','2018-01-16','Entire Bot Placements'),('452CE8586FB84040A0AA4A1DBB1EF3F0','N18','CH','2',9,'J. Bassett','2018-01-16','Butterfly Drive Block For Spacing'),('2033AE5CDBD44AF499A00D3B3F55D059','N18','CH','6',1,'J. Bassett','2018-01-16','Volume Bumper On Chasis'),('7A09427016474F2E98E308D2947A362C','N18','CL','4',2,'H. Fieldhouse','2018-01-16','Climber Clamp Base'),('D26EDFD12A894133BF2283DFAA149475','N18','CL','2',2,'H. Fieldhouse','2018-01-16','Climber Grabber Pin'),('BAE42266C76F43129EE728966498CC81','N18','CL','1',2,'H. Fieldhouse','2018-01-16','Climber Gripper Arm'),('018FDBEE4AC84E6FAC3581B5952F97CD','N18','CL','2',3,'H. Fieldhouse','2018-01-16','Climber Pin'),('B0AC0E352BF24F2EB17D403D338247C3','N18','TL','4',1,'B. Long','2018-01-16','Chain To Mid Sect Connector'),('9E5549E5E8C74D9EB3DFB8C6C2444A16','N18','TL','2',5,'A. Yanney','2018-01-16','2x1 Channel Support'),('AA9CC13E8EEB42FC80E04343DE7558A7','N18','BF','0',7,'S. Wang','2018-01-17','New Cassette, 3 Plate Separated Right Side'),('900653A4BA924263ACA17F9A6ABD11E9','N18','BF','1',5,'S. Wang','2018-01-17','Cassette - Housing Top Plate'),('CC294CE24DD84D95AA9E8F06792CF800','N18','BF','1',6,'S. Wang','2018-01-17','Cassette - Housing Side Plate'),('D6E42A63A4E64D8DA3BE3A06F89D1E8D','N18','BF','1',7,'S. Wang','2018-01-17','Cassette - Top L Bracket Right Side'),('7B933FB54DC04C0EAD9FE6F4CC597376','N18','BF','0',8,'S. Wang','2018-01-17','New Cassette, 3 Plate Separated Left Side'),('57EB6F17937E4570B73293FFEE540414','N18','BF','2',5,'S. Wang','2018-01-17','Cassette-rotating Shaft Right Side'),('A1737B887F454C44B5F63303F5C23A48','N18','BF','1',8,'S. Wang','2018-01-17','Cassette - Top L Bracket Left Side'),('9831871B5F2C43A3A8CD104005F73432','N18','BF','1',9,'S. Wang','2018-01-17','Top Gusset'),('A3EF74A6DCCE49D5918929C97CB70431','N18','LW','2',5,'T. Qu','2018-01-18','A Hexa Extrusion'),('04AA90EA522B48C49B5A06F6474D97AE','N18','LW','4',1,'T. Qu','2018-01-18','Claw back attachment'),('4F478F14E16941EC84DEC2672EAE885A','N18','TL','2',6,'B. Long','2018-01-18','Base Attachment L-bracket'),('0A4CD73743394E2CB78238D8DA4AAF36','N18','LW','2',6,'T. Qu','2018-01-19','Short Hexa to fit the wheel'),('B484C5BD884045099E70D439754BE368','N18','LW','2',7,'T. Qu','2018-01-19','Penumatic Attachment'),('A9B83371757B44C6B482AA1390C8920C','N18','CL','1',3,'S. Wang','2018-01-19','Hook-bottom Side'),('100721310F29465498C2A51CB093C23C','N18','CL','1',4,'S. Wang','2018-01-19','Hook-top Side'),('F515197AB9B2401B9C834126CAE837CA','N18','CL','4',3,'S. Wang','2018-01-19','Touch Magic'),('14C9ABFDE9B94BDFBCA309614C3A0638','N18','CL','2',4,'S. Wang','2018-01-19','Hook Connection Joint'),('49EAC106EDFD4581BD6D923B9A5460CE','N18','CL','0',4,'S. Wang','2018-01-19','118 Only Hanger Hook'),('37C4143F534B40578FC39BC29C128AE1','N18','CL','0',5,'S. Wang','2018-01-19','118 Total Hanger'),('C911B8E1C1E34EC1930412DA746B8B96','N18','CL','0',6,'S. Wang','2018-01-19','118 2016 Whole Robot Cad'),('CEA7DF343B56402EB602839343F84FDB','N18','CL','0',7,'S. Wang','2018-01-19','118 Hanger Hook With Neumatics'),('D837834D8A194332B313628C449E8A96','N18','WH','6',3,'J. Bassett','2018-01-19','Wheel Intake Volume'),('0C68D220378949B59BDBF47A50629822','N18','CH','0',3,'J. Bassett','2018-01-19','Volume Assembly With Non Wheel Claw Intake'),('3B274CDFE85A45558EC87F1BFB274BBC','N18','MS','6',1,'J. Bassett','2018-01-19','Extention Arm From Telescope Volume'),('F55271DB1C26412AA2A1EDABA76935AE','N18','CH','0',4,'J. Bassett','2018-01-19','Bot With Moving Telscope Piece'),('AA49A07D7FE44B119DF0DA7907A0CFB9','N18','TL','2',7,'B. Long','2018-01-19','Short Sprocket Rod'),('4E05D7A2C1E2465EA7732462CD123F9A','N18','TL','2',8,'B. Long','2018-01-19','Long Sprocket Rod'),('A77E791CA5DD41679637E578F2E121F3','N18','BB','2',2,'A. Yanney','2018-01-19','Hex Shaft'),('9179B3CA0379454881B0BE9227A70680','N18','BB','3',1,'A. Yanney','2018-01-19','Hex Hub'),('451893C32EF047A8A937C735B62BFC9A','N18','BB','2',1,'A. Yanney','2018-01-19','L Bracket'),('749EBC1FA7E54707BB676590A3F00673','N18','BB','0',1,'A. Yanney','2018-01-19','Lidar Turntable Assembly'),('E542796F81FD4AD98EF53E2A2634EBD5','N18','LW','4',2,'T. Qu','2018-01-20','Bearing Holder'),('51959A621B6846938ADA17D5D3E0494E','N18','LW','2',9,'T. Qu','2018-01-20','L-bracket For Motor With Slot'),('DCBB409E45BE4464892F61B302DC0F46','N18','LW','2',10,'T. Qu','2018-01-20','Modified Version Of N-18-lw-2009'),('FD2FE7BF5AA64BC9815DC71E46623398','N18','CL','3',1,'S. Wang','2018-01-20','Magic Key 0.2\"'),('7CA2F4DFFDBD43448370300DD6778F94','N18','CL','3',2,'S. Wang','2018-01-20','Magic Key 0.23'),('8B109955A8AC4A199469F81BB2D1AA74','N18','CL','3',3,'S. Wang','2018-01-20','Magic Key 0.252 (full Width)'),('0B904D8AA55548D282C6FF459EC17FC8','N18','LW','2',8,'M. Schroeder','2018-01-20','3\" Cylindrical Shaft - Make Into Supplier Part Later'),('842056494A9B4B4AA553A72E47415ADA','N18','LW','4',3,'M. Schroeder','2018-01-20','Hex Shaft - Milled Cylindrical Top'),('C0F70739C913403D9B58B1A7A8FE911B','N18','LW','1',18,'M. Schroeder','2018-01-20','Plate - Raises height of wheel motors'),('A8D307FF86D94082BA4513370DD3008B','N18','LW','4',4,'M. Schroeder','2018-01-20','Claw Cube Intake Back Bar 2'),('DD1E38A6A6C042898CDCBD54BB8E8745','N18','LW','1',19,'M. Schroeder','2018-01-20','Motor Holder - Turns Claw'),('2AE14FF5D1824B1D8AE04C2EC56FE349','N18','LW','1',20,'M. Schroeder','2018-01-20','Motor Holder 2 - Turns Claw'),('0B333A99C95B40599B27E50B53F93BD3','N18','CH','6',3,'J. Bassett','2018-01-20','Telescope With Slight Pushout For Pvot Point'),('2070F1F89DF840B3B28E1CB41D2CE465','N18','TL','4',2,'B. Long','2018-01-20','L-bracket Inter-side Stabilization'),('B938FEF36D7D47FAA4D96C12337FD2A8','N18','TL','4',3,'B. Long','2018-01-20','Connection Plate'),('4C4A1AA5B3FB408B9B2B7CA430B15859','N18','TL','0',2,'B. Long','2018-01-20','Connecting Asm'),('F22D24BB1B8C4011A4A6B021E3CF762D','N18','LW','2',11,'T. Qu','2018-01-22','L-bracket For Arm Attachment'),('E0489288C1434B78A0344FF3BF44AC83','R18','CH','0',2,'S. Wang','2018-01-22','Bumper Assembly'),('AA0B1C826D2746C888537F0BB530C4D7','R18','CH','7',1,'S. Wang','2018-01-22','Long Side Bumper'),('B9A586BD031B4B49B08B6BDB2019FAEF','R18','CH','7',2,'S. Wang','2018-01-22','Short Side Bumper'),('057F5525A633465395F9A8B382084FD1','R18','CH','7',3,'S. Wang','2018-01-22','Shortest Opening Side Bumper'),('9FAB6946ECBF4764A2B97CA75C64F952','R18','CH','5',1,'S. Wang','2018-01-22','Long Bumper Wood Plate'),('5C4992280AA04D6EB4B5948D05460E89','R18','CH','5',2,'S. Wang','2018-01-22','Short Bumper Wood Plate'),('F578B3A6DD78411DA0BA3A96470BBA3D','R18','CH','5',3,'S. Wang','2018-01-22','Shortest Opning Bumper Wood Plate'),('4440E21BE51F444AAFBA5B6E4B2A706A','N18','LW','1',21,'M. Schroeder','2018-01-22','Guset - Applies Support To The Cube Intake System'),('DB68FE0D2EE74762AA16B08C241D795A','N18','ER','0',1,'J. Bassett','2018-01-22','Experimental Bot Whole Bot. With Specific Cad'),('0AF731A65C994D0BA84A16F24C45AD04','R18','CH','2',1,'J. Bassett','2018-01-22','Long Sides Of New Chassis'),('DF0C447A1E70430CB0ABC4A9293BB319','R18','CH','2',2,'J. Bassett','2018-01-22','Short Sides Of New Chassis'),('0DB9CC67EB9B43EE957077F8FD1F22A3','R18','CH','2',3,'J. Bassett','2018-01-22','Front Bumper Sides Of New Chassis'),('76A6D5B1506B48D4A31EC668EB94046A','R18','CH','0',1,'J. Bassett','2018-01-22','Practice Bot Chassis'),('7F713F3A81E54FF6A9E725EE15FCFA79','N18','BF','0',9,'J. Bassett','2018-01-22','Mirrored Cassette'),('DD0E1AC604F9493F8D48D5DA80255CC3','N18','TL','1',1,'B. Long','2018-01-22','Mid Stabilizer'),('91C04BA6B2E0432C8D1382C1591BE255','N18','CL','1',5,'S. Wang','2018-01-23','Hook: Holding Bar'),('7EB3D2914EFD45408F2821F01E74FF36','N18','BF','7',1,'R. Rietveld','2018-01-23','Modified I-bolt'),('25E64AB425D4437C8CA29A46198D255F','N18','LW','2',12,'M. Schroeder','2018-01-23','Bottom Part Of Arm - Does Not Have The Smae Motor Support Holes As The Top Part'),('C47A34BF73754D5BAC91AE585DDB7FC3','R18','CH','2',4,'J. Bassett','2018-01-23','80-20 Battery Holders'),('CD2E95663D2B464786A1A1F529BC5646','R18','CH','2',5,'J. Bassett','2018-01-23','1x2 Telescoping Side Holders'),('A5225C9F08AD43CE9AEB204BCF019A20','R18','CH','1',1,'J. Bassett','2018-01-23','Flanges For Battery Folder'),('E81103B2F2424E4EAC151CD5A3D624DA','N18','TL','2',9,'B. Long','2018-01-23','Arm/main Support Arm'),('0BF2D7F4690A4774806AF6D021E13339','N18','TL','0',3,'B. Long','2018-01-23','Arm/assy'),('60D97D0AEC8249128B7A9C8C7246ACB8','N18','TL','1',2,'B. Long','2018-01-23','Arm/tele Attachment Part'),('936D34D47F144437A18F88C7769F60E6','N18','TL','0',4,'B. Long','2018-01-23','Superasm Arm Tele Grab'),('FCC8B5FAE4A64141BD901E24DDF1EBA0','N18','BB','3',2,'A. Yanney','2018-01-23','Lidar Bracket New'),('36EED167A59841C496A809937FD65678','N18','BF','4',3,'S. Wang','2018-01-24','Custom Shoulder Bolt'),('C76FCB8A7923450DAAAAB121004D66CE','N18','BF','0',10,'S. Wang','2018-01-24','Thiner Cassette'),('465F3535B3F64B0DB71A0A0B8449B805','N18','BF','1',10,'S. Wang','2018-01-24','N18-bf-1005 Modified Version'),('CEB249CE896C4677975A70E44F1CCCD7','N18','BF','1',11,'S. Wang','2018-01-24','Modified N18-bf-1007'),('0F2505C3A56B4EF180F13B02FFBACFA1','N18','BF','2',6,'S. Wang','2018-01-24','Modified From N18-bf-2005'),('FFE3E0EDA94A499F997D4DE0455CA6B7','N18','BF','1',12,'S. Wang','2018-01-24','Mirror Of N18-bf-1011'),('9E972A34E8934085A0A1BD4C57CF5C55','N18','LD','2',5,'J. Bassett','2018-01-25','38 Inch All The Way To The Edge Arm'),('EB043013584D4793A0F37D87F70378F5','N18','TL','1',3,'S. Wang','2018-01-27','ARM: STRENGTHNING BAR'),('4113B6ABD9794EF8B08F4E69DFFE7068','N18','TL','1',4,'S. Wang','2018-01-27','Arm: Supporting Right Side'),('1ED818F082844C6E88CB0BA4DEED7FF0','N18','LW','2',13,'T. Qu','2018-01-26','Long Hexa Shaft'),('4D80A583E00F4D21B9FD13186D6C62E4','R18','CH','2',6,'J. Bassett','2018-01-27','Side Bumber Panel Gripper Thing(latches It To The Bot)'),('BBC80D5E7D6A4923A1FE24F311D27275','R18','CH','2',7,'J. Bassett','2018-01-27','Back Bumper Panel Gripper Thing(for Robot)'),('5386FDD179424F6CB416A3B932D1218A','R18','CH','2',8,'J. Bassett','2018-01-27','Front 6 Inch Bumber Holders'),('3FB1CD1871CF4DD09922FC6D93C3C54F','N18','TL','7',1,'S. Wang','2018-01-27','7 Inches 1/2 Hex'),('3DC1A29DB90C4F4D835942B7027E15CB','N18','TL','7',2,'S. Wang','2018-01-27','4.5 Inches 1/2 Hex'),('A8C35A2B6D79452A9322F007EBF7E21A','C18','CH','2',1,'J. Bassett','2018-01-29','Across Bars On Chassis'),('B4AC05A59AC3466D974EEDEA0C8D0402','C18','CH','2',2,'J. Bassett','2018-01-29','Front Short Bars Chassis'),('98E5D0041EC34CDC9306271DA0A3043C','C18','CH','2',3,'J. Bassett','2018-01-29','Side Bars Of Chassis'),('45810591D8B84E0C923D86A4195EFC3C','C18','CH','0',1,'J. Bassett','2018-01-29','Main Chassis Of Main Bot'),('AE3E53EA3EAB41DC8D3E01FD84E6AF7B','C18','CH','0',2,'J. Bassett','2018-01-29','Bumper'),('C98A65AA1DE34A34B7C640F6E5373867','C18','ER','0',1,'J. Bassett','2018-01-29','ENTIRE FLIPPING ROBOT'),('F2A0230DF6074BEFB9148244567D36AB','C18','CH','2',4,'J. Bassett','2018-01-29','Telescope Arm Grips'),('A2E115528AB3416ABA06A0D6799F0706','C18','CH','2',5,'J. Bassett','2018-01-29','80-20 Battery Holder'),('F6E3AF9646F242D39B0A6741796E3BE1','C18','CH','1',1,'J. Bassett','2018-01-29','Brackets To Hold Battery'),('8E27728245D144D18AC44B45701B70AD','C18','BF','4',1,'R. Rietveld','2018-01-29','Cassette - Bushing Pneumatics Block'),('309874AD0CC04E33AE2F200FE10C1AB1','N18','TL','1',5,'B. Long','2018-01-29','Xbeam Level 1'),('9A2DEC5DA9AD41278F4C0476D722E65F','N18','TL','2',10,'S. Wang','2018-01-29','Main Support Arm'),('823F5C3B6B8943F5B54F0415447D737A','N18','TL','2',11,'B. Long','2018-01-29','Longer Spacer'),('138063C2BEE34369A0840A182B772B5B','N18','TL','2',12,'B. Long','2018-01-29','Shorter Spacer'),('79C2AF38AD434E81ABC453F2B8C6CACB','N18','TL','0',5,'S. Wang','2018-01-29','Simplified Version of Telecsctoping Arm'),('A4187F7063784DD985A540E3FF0A0A29','N18','TL','0',6,'B. Long','2018-01-29','Xbar Outer Boi'),('DFB73DEBD73A4F49AA48D4C053365FA0','C18','BF','2',1,'R. Rietveld','2018-01-29','Cassette - L-shape Mount Bracket'),('973B10E75F744182BF69DE4772E9D7B9','C18','BF','0',1,'R. Rietveld','2018-01-29','Cassette - Final Assembly'),('2BC57185F7FC4ADCB6ED0C6C03311BA3','N18','TL','4',4,'B. Long','2018-01-30','Very Small Spacer'),('8933BC65C08C435B95CB274ADC252C9A','N18','BF','1',13,'A. Yanney','2018-01-30','Cassette - Top Module Plate'),('BC716715AF414C83A4341F93965C201C','N18','TL','4',5,'P. DeVries','2018-01-30','Chain Tension End'),('29213037DF2B478A8B93BA8876ADD974','C18','BF','1',1,'R. Rietveld','2018-01-30','Cassette - Final Side Plate'),('AF35F8E1FB76411F873448515703113E','C18','CH','2',6,'J. Bassett','2018-01-30','Back Chassis Bar'),('BFE0AD58744944E4B177D1E37E2E10AC','N18','CL','1',6,'S. Wang','2018-01-30','Modified Hooks Bro'),('4A62B55C687E43BCADC2B9AED0684FEE','N18','CL','0',8,'S. Wang','2018-01-30','Better Version'),('A5025EBB3F4B4E71A70CB5C91FDEC89A','N18','CL','4',4,'S. Wang','2018-01-30','Shorter Final Magic Bar'),('5B7B86D8ED4F449B8EB4E505E32842C9','N18','TL','2',13,'B. Long','2018-01-30','Spacer Mid Short'),('B42D4FAA43A94DB787B347B6E2414856','N18','TL','2',14,'B. Long','2018-01-30','Long Long Spacer'),('7B46B6F347BD41459397BEC298A44CFD','C18','BF','0',2,'R. Rietveld','2018-01-30','Cassette - Final Assembly'),('758601CC0A7F4E16B2B71BEC922E4DE6','N18','TL','1',6,'B. Long','2018-01-30','Middle Xbar Part'),('599E6D644B3240459260DC1A583AC4A2','N18','CL','3',4,'S. Wang','2018-01-31','Second Magic Block'),('5464540D952642D48872E68FCDCF581A','N18','CL','4',5,'S. Wang','2018-01-31','Secondary Bar'),('EC93D8ECA5BA498085A2FE715E0F815D','C18','TL','2',1,'B. Long','2018-02-01','Basic Lbar Design'),('5EA6CF99E7A041458EAF8B8CAAF45794','C18','TL','4',1,'B. Long','2018-02-01','Bearing Bloccc'),('8474FB3443F941828C676ACD6C579309','C18','BF','1',2,'R. Rietveld','2018-02-01','Cassette - Small Mount Plate'),('A6A35765569E4E669F4F203BD7FCD77F','C18','BF','4',2,'R. Rietveld','2018-02-01','Cassette - Welded Stub'),('00E9B55848B14C578B8EF7A3EDFDE12B','C18','TL','4',2,'B. Long','2018-02-01','Bearing Boi'),('DCB922BF82FE499983805676230739DB','N18','LW','0',7,'T. Qu','2018-02-01','Claw Mk.iv Modified'),('A4B19B986C9445A0A2B48318D41E0D72','C18','TL','0',1,'B. Long','2018-02-01','Main System Assy'),('99D1FBEF0B93476BB2CAE13DD15CF881','N18','LW','0',8,'M. Schroeder','2018-02-01','New Claw Cube Intake - Uses Stationary Arms And Compression Wheels'),('201DDB4DBA3B4A6F895C9F167F7BBCC2','N18','LW','2',14,'M. Schroeder','2018-02-01','Stationary Arms With Holes For Motor/pulley/wheels'),('51BADCE0D9B54C1CBEE5913B42B67823','C18','BF','1',3,'R. Rietveld','2018-02-01','Cassette - Lower Box Top Plate'),('B4BBFB42A0074EF9BA258C3DDA290A4B','C18','TL','0',2,'B. Long','2018-02-01','Assembly Of The Four Corneres'),('B181B3E926314CBC92927A3F1239A223','N18','LW','2',15,'M. Schroeder','2018-02-01','Hex Shaft - For Compression Wheels'),('2793B249CCA34316A3DA1E84E5500A39','C18','TL','1',1,'B. Long','2018-02-01','Xbar Outer'),('AD9ABDD603BC408692B3196BCAA0FA63','C18','CH','2',7,'D. Brandon','2018-02-02','Back Real Frame '),('51AB5CF7425447A58508FF2C437819DC','C18','CH','2',8,'D. Brandon','2018-02-02','Side Rail On Frame'),('FAF0D9B2FB7B4336B7EB159E42FAA6A7','C18','CH','2',9,'D. Brandon','2018-02-02','Front Frame'),('4B966AC045CE49198C50DC6131240416','C18','CH','2',10,'D. Brandon','2018-02-02','Interal Bottom Frame For Wheels'),('2E6E0800197340959B9D0A80BD4B497F','C18','CH','2',11,'D. Brandon','2018-02-02','Middle Brace In Frame'),('FFF165C8A8904361B58A84FFDDD80133','C18','CH','0',3,'D. Brandon','2018-02-02','V2 Of Bot, Without Cassette'),('7D5173A6B1714A6BA953B165B19A55BE','C18','CH','6',1,'D. Brandon','2018-02-02','Volume For Tower'),('E7B84E1CD99E4879A63E42EF7D71EC54','C18','CH','6',2,'D. Brandon','2018-02-02','Volume Of Grapper'),('5A08CE7DD5D54C6DB77971A2F415F5C9','C18','CH','6',3,'D. Brandon','2018-02-02','Example Arm'),('A926898958724055B3D13D186DB991C4','C18','CH','6',4,'D. Brandon','2018-02-02','Example Arm Holder Bracket'),('078EB141FB034AF383E32200AC5FE956','C18','CH','2',12,'D. Brandon','2018-02-02','Brace To Hold Tower'),('D8430AD4EA4D46F2BE07666645328D69','C18','CH','2',13,'D. Brandon','2018-02-02','Hex Shaft '),('3FEB29BFEA014174838DC1EB96C99C10','C18','CH','2',14,'D. Brandon','2018-02-02','Hex Shaft'),('4A74701589944B5B8026E791D46FF71D','C18','CH','0',4,'D. Brandon','2018-02-02','Butterfly Drive Kit -- Left'),('C2A709A2911F46CFBF25625C6944C9B0','C18','CH','0',5,'D. Brandon','2018-02-02','Butterfly Drive Kit -- Right'),('8CE79147B77044E3862489CB435BCB70','C18','CH','2',15,'D. Brandon','2018-02-02','Butterfly Special Bracket'),('ECC071D381584875A9A1ED96494D8E5E','C18','CH','6',5,'D. Brandon','2018-02-02','Bumper System'),('B24EF520A2B5487DA19F0F341978FEC3','C18','CH','2',16,'D. Brandon','2018-02-02','Middle Spacer Bar'),('F02732DF31934B3AA5051B56BD338A5D','C18','CH','1',2,'D. Brandon','2018-02-02','Battery Holder Bottom Tab'),('F59A334CA52D4E3CA9ED23F16F58396E','C18','CH','2',17,'D. Brandon','2018-02-02','Rear Battery Holder'),('8D024A4A4E674DA785376B1FF4823DA1','C18','CH','2',18,'D. Brandon','2018-02-02','Spacer For Battery Holder'),('A7B8F5A73A23430EACB5C25F88036E06','C18','CH','2',19,'D. Brandon','2018-02-02','Block'),('EF7D3599F64E47F2B5249C39DE933C52','C18','TL','1',2,'B. Long','2018-02-02','1-2 Connection Plate'),('B863F88A14934160A97CCF90DFD59382','C18','TL','1',3,'B. Long','2018-02-02','2-3 Connection'),('14C5F360577940C485066C72A7275741','C18','TL','2',2,'B. Long','2018-02-02','Shorter Chain Bar'),('B19468C4696F425FA12186E1A3ED6CE3','C18','TL','1',4,'B. Long','2018-02-02','1-2 Stationary Connection Plate'),('14F35ED8BE6044B280F912FA0B6D7821','C18','TL','2',3,'B. Long','2018-02-02','3/4 Spacer'),('71A4A78FCF0A4B259120ADD00D5323C5','C18','TL','1',5,'B. Long','2018-02-02','Xbar Level 2'),('E41716BCE799445CB024E2602293F1B2','C18','AR','0',1,'J. Bassett','2018-02-03','Whole Assembly Of Shorter Arm Length'),('FECCC0B6D063451080D4C709DDDF9492','C18','TL','2',4,'B. Long','2018-02-03','Hard Stop For Overlap'),('1CCCD23E56F54C4E9D643D537D0092C7','N18','LW','1',22,'M. Schroeder','2018-02-03','Frame - \"whrist\" System Support'),('E804BAF63C204F2DAF9BBDDE3598C316','N18','LW','2',16,'M. Schroeder','2018-02-03','Arms - New New Cube Intake'),('67405F3785944C79BB2021CCBFB4B8E7','N18','LW','2',17,'M. Schroeder','2018-02-03','7.5\" Hex Shaft - \"whrist\" System'),('0DFC7347F546426C97772A8196A08DA6','N18','LD','2',6,'R. Rietveld','2018-02-03','Bevel Gear Box Housing'),('1BB098D6156243D2BE0FA96CBDFE7593','C18','AR','2',1,'J. Bassett','2018-02-03','Smaller Arm Of Robot'),('CA28CADA59364407A27B314E548ED234','C18','AR','6',1,'J. Bassett','2018-02-03','First Piece Off Of Telescoping Arm'),('759BA6F2DF1441D89183FCF1C6C988A9','C18','AR','2',2,'J. Bassett','2018-02-03','Top Of L Arm'),('41C19641B7BD494DA7BBFBF042280965','C18','AR','2',3,'J. Bassett','2018-02-03','Extentio Arm For L '),('2A371D4D2FF442E2A5244228DA627F5B','C18','AR','0',2,'J. Bassett','2018-02-03','Arm Assembly'),('F179583752F142CF9A1621858DE37916','C18','ER','0',2,'J. Bassett','2018-02-03','Entire Robot With New Smaller Arm'),('A60422EE24424BD7B07EBD4D34707BA1','C18','ER','0',3,'J. Bassett','2018-02-03','Entire Robot With New Smaller Arm 2.0'),('29A66C17627B4B489652C1870B0692C0','C18','AR','0',3,'R. Rietveld','2018-02-03','Bevel Gear Box'),('D27741C13D314E1DAED480B83E2203AD','C18','AR','2',4,'R. Rietveld','2018-02-03','L-shape Flange Mount'),('69153DB3AF6045B58348CBB426AF4274','C18','LW','2',1,'T. Qu','2018-02-03','Back Frame For The Grabber'),('37186279CF874027BE87A3FFA6086B36','C18','LW','2',2,'T. Qu','2018-02-03','Claw Arm'),('6AAA5942AD864A3AA5E8FED37715AD51','C18','LW','4',1,'T. Qu','2018-02-03','Brackets To Connect To Pneumatics'),('10A7B6E122F24AE6A46525A9F1A70B68','C18','LW','4',2,'T. Qu','2018-02-03','Claw Back Attachment'),('F28AF9B27DC44A9C8D864DCC01FAC172','C18','LW','0',1,'T. Qu','2018-02-03','Grabber W/ Wheels+pneumatics'),('1AAB63A90A2741559FD82099E6AF2BF0','N18','LW','2',18,'M. Schroeder','2018-02-03','Hex Shaft - Inner Wheel In Claw Cube Intake'),('D1D14D0C869743E0A40CF789CC652537','C18','TL','0',3,'B. Long','2018-02-03','Outer Xbar Assy'),('9DEE4023C0124B4B92E15910CF270D60','C18','TL','0',4,'B. Long','2018-02-03','Inner Xbar Assy'),('A579F9C92C844782B82E15AC5A9B1E29','C18','AR','0',4,'D. Brandon','2018-02-05','Shoulder Motor Assembly'),('B91AE2AC4ADE4562B198466A60B997CB','C18','AR','2',5,'D. Brandon','2018-02-05','Gear Box To Hold Worm Gear'),('28196D0E3104465BB6EA6F5ABAB86EE4','C18','AR','6',2,'D. Brandon','2018-02-05','Shoulder Holder'),('D1EBAC4753D748F58D083A8CDE40E552','C18','AR','2',6,'D. Brandon','2018-02-05','Arm, V2'),('BA2E3308FC054FA095C45924FDA903BD','C18','AR','2',7,'D. Brandon','2018-02-05','Spacer'),('716B3298A10A4EBD90CEF01E608D75D0','C18','AR','2',8,'D. Brandon','2018-02-05','L Bracket To Hold Arm On To Gearbox'),('BF7C1DEADFE34BA9AEB445D64BAEB60B','C18','AR','2',9,'D. Brandon','2018-02-05','Steel Axle For Arm'),('AA87A26D95B1424F84A02A9046D3E510','C18','AR','7',1,'D. Brandon','2018-02-05','Shaft With Keyway'),('2154F1AA8BD8459688C791842E401EC8','C18','AR','2',10,'D. Brandon','2018-02-05','Round Spacer'),('B476F1F05ADE44CE95C61DE02706F465','C18','CH','4',1,'D. Brandon','2018-02-05','Spring Holder'),('CF4F44EB94F44C9585EB58746B7EF39B','C18','CH','4',2,'D. Brandon','2018-02-05','Bumper Pins'),('D0DBE07500544AEEBE977ACA5709D84F','C18','CL','4',1,'D. Brandon','2018-02-05','Long Bumper Pin '),('79B37F237C3F40219145441CC212AABC','C18','CH','4',3,'D. Brandon','2018-02-05','Long Bumper Pin'),('90F7A6EBAEF540138865B1276AE7CC7C','C18','TL','4',3,'B. Long','2018-02-05','Chain Anchor'),('4FD337A8668D4CADA2F81C8B04F0ABEA','C18','TL','4',4,'B. Long','2018-02-05','Chain Anchor Cover'),('AE39D069E48C44D3B65996E9880330CC','C18','TL','1',6,'B. Long','2018-02-05','X Bar Part Two Sheet Metal Boogaloo'),('13FE6BA7A3F1486C84C08495CA5D7986','C18','TL','4',5,'B. Long','2018-02-05','Chain Tightening Bracket'),('435B36A6DACE4EE59B99F25E7D601B26','C18','AR','1',1,'J. Bassett','2018-02-05','Motor Mount For Shoulder'),('6ABCBEE96C934E35B71693B04E5BF4CE','C18','TL','0',5,'B. Long','2018-02-05','Chain Fastener Assy'),('559089474B194CDBB50E37F197B659DF','C18','AR','3',1,'T. Qu','2018-02-05','Spacer For Bosch Motor'),('76C4CFA414C84F3DB0782A36872391FC','C18','AR','7',2,'J. Bassett','2018-02-05','Motor Arm Spacer Washers'),('1B6E0F457B2A46908547C9F42C1AC498','C18','TL','0',6,'D. Brandon','2018-02-06','Bearing Mount'),('0B32FE9C0EA44FB5B3F7E56B27DC8A1C','C18','TL','0',7,'D. Brandon','2018-02-06','Do Over With 3\" Sides'),('85489DC71FF5481A87EFF26107A9D48A','C18','TL','2',5,'D. Brandon','2018-02-06','3 Inch Segment'),('96462D258DBC4EC0823B40EB1C0E72FC','C18','LW','2',3,'T. Qu','2018-02-06','Hex Shaft'),('BF3A4F36DC3E4FFC973FE0998A6C4A32','C18','CL','0',1,'S. Wang','2018-02-06','Motor Assembly'),('8F49A2A4D7B348AA81D4FA35AF58A8D4','C18','CL','4',2,'S. Wang','2018-02-06','Inner Slot For Outside'),('719A433AE76E4BCABDC2B44FCF6C8B1A','C18','TL','4',6,'B. Long','2018-02-06','Motor Mount Boi'),('68629F55B466400DB5D4DAD295BC963A','C18','CL','1',1,'S. Wang','2018-02-06','Motor Side--Mounting Plate'),('EAB490474E644236A0C2B129E69FAD81','C18','CL','4',3,'S. Wang','2018-02-06','Most Inner Key--hex Shaft And Round Shaft'),('C1DE6D0B4A4F4B99B45868932FD1CC99','C18','TL','0',8,'B. Long','2018-02-06','Assembly With Mortor Antd Mouneting'),('D62DFBE9FF244FA78FD7E720D5BDFCCB','C18','CL','4',4,'S. Wang','2018-02-06','Abs Triangle Side Plate'),('A7757F2A9A2A49F580C7FAB4040F1A38','C18','CL','4',5,'S. Wang','2018-02-06','Cross Bar'),('6BFD15162B5C412CA21C80CEDE5E6D52','C18','AR','2',11,'T. Qu','2018-02-06','Hex Shaft For Bosch Motor'),('314409963A634E4AA2543917AFE20D52','C18','EE','0',1,'D. Brandon','2018-02-07','Electronics Board'),('4D4BA88C615442FDB7FAE8FEFB056807','C18','EE','2',1,'D. Brandon','2018-02-07','Electronics Motherboard'),('A027EE68AA434BEA96B43EC9A01CF3D6','C18','EE','0',2,'D. Brandon','2018-02-07','Motherboard On Side'),('33E6458AB32140A5AFEFD661C69AD148','C18','EE','2',2,'D. Brandon','2018-02-07','Motherboard For Robo Rio'),('4464ACDF7E1D4B8BB078C064779BACF5','C18','TL','6',1,'D. Brandon','2018-02-07','Cim With 1:64 Gear Box'),('A54C1FA38A9B4727A4A6678BB5A4305F','C18','TL','2',6,'D. Brandon','2018-02-07','Motor Mount Bracket'),('079EAEC67D9948F3A1FADD2F5C094376','C18','TL','0',9,'D. Brandon','2018-02-07','Motor Mount'),('457676A9A78A469CA04316CDB799D025','C18','TL','4',7,'D. Brandon','2018-02-07','Coupler 1/2 Shaft To 1/2 Shaft'),('B631481EEAD747DA848A56173A296475','C18','ER','0',4,'S. Wang','2018-02-07','Entire Robot New'),('08F4294517894F23BC49AFF5FD209017','C18','CH','0',6,'S. Wang','2018-02-07','Real Chassis, Jsut The Chassis'),('767E314B8762429AB6EC66ABEF6979F4','C18','CH','2',20,'S. Wang','2018-02-07','New Bar With Upside Battery'),('1396912EEDEC42D5851F399844F74855','C18','CH','2',21,'S. Wang','2018-02-07','New Cross Bar'),('7A3513BD0D5F4BC18FBF424BB1A9F9F0','C18','CL','1',2,'S. Wang','2018-02-07','Mirror Of C18-cl-1001'),('B45E9CE72E984EF7AA9DB0F9CD238ACF','C18','CL','0',2,'S. Wang','2018-02-08','775 Pro Twin '),('732C539AD3AA42AA8AD90E10639EB85D','C18','CL','7',1,'S. Wang','2018-02-08','Hex Side'),('E112F9D9BB28456B87F9E15A5ED1F9E3','C18','CH','0',7,'D. Brandon','2018-02-09','Cb2 Asm With Lighting Holes'),('791BC913C9C1409EA7302DA4330C3A7C','C18','CH','2',22,'D. Brandon','2018-02-09','Side Rail With Lighting Holes'),('437ECC8A2A6244E39EA0970491D8C361','C18','CH','2',23,'D. Brandon','2018-02-09','Front Rail With Lighting Holes'),('4C115D14AE344131844828B8DF2B54B2','C18','CH','2',24,'D. Brandon','2018-02-09','Front Rails With Lighting Holes'),('9571A1F219A64A0DA5087E1FB0EC16FF','C18','CH','2',25,'D. Brandon','2018-02-09','Back Rail'),('CC42B4C96CA5453C96DE690CD476E1F8','C18','CH','2',26,'D. Brandon','2018-02-09','Flat Rail'),('8F155A664CB64C2BAF7F3ADD265B572A','C18','CH','2',27,'D. Brandon','2018-02-09','Bottom Rails'),('EEFB2CFAE4DC43EA99DBB2744B05AED1','C18','CH','2',28,'D. Brandon','2018-02-09','Battery Front Spacer'),('F28A4F5E5FC343488C9D7147D8ACEFA2','C18','TL','1',7,'D. Brandon','2018-02-09','Inter Plate To Join Tower Segments'),('477DC53054704D1AAD93163350837ABF','C18','TL','1',8,'D. Brandon','2018-02-09','Outter Plate To Join Segements'),('4775E82E83BF4D84BCFE9FFAC3135718','C18','TL','0',10,'D. Brandon','2018-02-09','Outside Tower Plates'),('4CDB75EEBD9A427A8AC860E4ED834849','C18','TL','2',7,'B. Long','2018-02-09','Mounting Lbracket'),('07D42E883AF04853A97E9962E3D9D86E','C18','CL','3',1,'S. Wang','2018-02-09','Side Tightening'),('B510AFC637594C21BFC208CCC838B649','C18','CL','3',2,'S. Wang','2018-02-09','Tightening Version 2'),('D91D26ADF9A24E7BA13BA7092CAD9A53','C18','CL','1',3,'S. Wang','2018-02-09','Longer Holder For Hook'),('F51472A10FA147E682D08DA87511C84A','C18','AR','3',2,'A. Yanney','2018-02-09','Magnet Holder Prototype'),('7F94E90C628F4B7DBEEC1BB960260201','C18','TL','2',8,'B. Long','2018-02-13','Base L-Bar'),('19BCEA09EA944954B213F36D5FA8C620','C18','TL','2',9,'B. Long','2018-02-13','Middle Arm Lightening Config'),('F3C53F5C3179446A9790933FB115B8BE','C18','CH','3',1,'R. Rietveld','2018-02-13','Encoder Mount Bracket'),('4F50D1307CD34B35AB06A3197833DF00','C18','AR','0',5,'D. Brandon','2018-02-14','Arm With Big Sprocket Gears'),('2722A5C8806448149371C571299A1D29','C18','AR','4',1,'D. Brandon','2018-02-14','Arm Mounting Plate'),('6F58070463BC442FA5A1A4840BC605E4','C18','AR','4',2,'D. Brandon','2018-02-14','Shaft For Window Motor'),('2055C68F2C4043C78629E6680015F4D4','C18','AR','4',3,'D. Brandon','2018-02-08','Shaft For Window Motor'),('B228469904BD429991C0A852ACF9B0DC','C18','AR','4',4,'D. Brandon','2018-02-08','Spacer Block for Window Motor'),('C668C407CCE04751976D5BE5265C1952','C18','AR','4',5,'D. Brandon','2018-02-14','Arm Mounting Plate, V2'),('A3798853DE2045EA9FC6EC48187DB89F','C18','AR','2',12,'D. Brandon','2018-02-14','Arm, V2'),('C1BDC6FD85BA4A9CB314B593FB40CAE5','C18','AR','2',13,'D. Brandon','2018-02-10','Lost Part, Part of Wrist Drive Sys'),('7E61B26854FA45078EBE54A98283F7A0','C18','AR','2',14,'D. Brandon','2018-02-10','Lost Part, Part of Wrist Drive Sys'),('7829A5B263F74149B1469BEF45D32DBB','C18','AR','2',15,'D. Brandon','2018-02-10','Lost Part, Part of Wrist Drive Sys'),('D96491727D684B8081BB13F897C6EC0C','C18','AR','2',16,'D. Brandon','2018-02-10','Lost Part, Part of Wrist Drive Sys'),('49AA54F4C99C40D68ABBA3A1F07783BA','C18','AR','2',17,'D. Brandon','2018-02-10','Lost Part, Part of Wrist Drive Sys'),('7BD7996D717E4D7597AD2804A7EC523A','C18','AR','2',18,'D. Brandon','2018-02-10','Lost Part, Part of Wrist Drive Sys'),('F828CA1436E540B69094EE8392020E1B','C18','AR','2',19,'D. Brandon','2018-02-10','Lost Part, Part of Wrist Drive Sys'),('769F7AFE5BCE437B829F334E3924AC19','C18','AR','2',20,'D. Brandon','2018-02-10','Lost Part, Part of Wrist Drive Sys'),('7D787753CC3942D8BB8E29CDDB58B802','C18','AR','2',21,'D. Brandon','2018-02-10','Lost Part, Part of Wrist Drive Sys'),('B00B15EA2D56464AB15CDC739B1DD999','C18','AR','4',6,'D. Brandon','2018-02-14','Hub Recepitical'),('9C5CD5CED75449DDB429A9766946D9E8','C18','AR','4',7,'D. Brandon','2018-02-14','Motor Plate'),('6B605EF3A4384D899F8E992DBD875A96','C18','AR','0',6,'D. Brandon','2018-02-14','Motor Asm At Shoulder'),('35F2A3B23D294EC4B7FE517683DBAC2F','C18','AR','2',22,'D. Brandon','2018-02-14','Short Hex Shaft For Gear Set'),('5428CABDAF7645239FDCA146CAD091F1','C18','AR','2',23,'D. Brandon','2018-02-14','Rear Stick'),('FCAC8211DA48496BB6E11096E30F450C','C18','AR','2',24,'D. Brandon','2018-02-14','L Bracket For Rear Extension'),('B2700564E7CC4826BD91DD045DF05CB6','C18','AR','4',8,'D. Brandon','2018-02-14','Axle Slide'),('4BED8555BBD54C4BB3708DF4B251DB29','C18','AR','6',3,'D. Brandon','2018-02-14','Lost Part  '),('E4B06664A7FC490EA09F14BDB1AB0E71','C18','AR','6',4,'D. Brandon','2018-02-14','Lost Part'),('AD991409F6AC479F8530BD576897FDB8','C18','AR','6',5,'D. Brandon','2018-02-14','Lost Part'),('5E86510DBF2841CFA226807EE37C16B4','C18','AR','6',6,'D. Brandon','2018-02-14','Chain'),('68B78E626B3C4859AF739A79EC04F83F','C18','TL','2',10,'T. Qu','2018-02-14','Modified Of 2008'),('7B6DDCDA989B4D9997C5CAE816041DC7','C18','TL','0',11,'B. Long','2018-02-14','????????'),('C2D6325C0CDB4A4597D8FBEF62526182','C18','TL','0',12,'T. Qu','2018-02-14','Tom Modified Version'),('1753C38C6AED43BB9CBDCE25EE0AA5F2','R18','CH','2',9,'M. Schroeder','2018-02-15','Bumpers - Long L Bracket'),('635495C4FA0F488B9A30F2FF5888F45F','R18','CH','2',10,'M. Schroeder','2018-02-15','Bumper - Medium L Bracket'),('F222FA8A785D489FBBF0EA2B4D5C6551','R18','CH','2',11,'M. Schroeder','2018-02-15','Bumpers - Short L Bracket'),('227128AB0B0744D49431B18B79B37424','C18','ER','0',5,'B. Long','2018-02-15','Entire Robot Version Let Us Hope That This Thing About Whomst This Description Describes Is In The State At Which It Could Be Described As Working By The Robotics Team Whomst Designed Thsi'),('D789B4BBCEA64625B28640D1585F2227','C18','ER','0',6,'B. Long','2018-02-15','Entire Robot Version Let Us Hope That This Thing About Whomst This Description Describes Is In The State At Which It Could Be Described As Working By The Robotics Team Whomst Designed Thsi'),('1288DC1E982D4E4BBB6C49BA0CEA6CAB','R18','CH','3',1,'H. Fieldhouse','2018-02-15','Lidar Holder'),('792751A01AA6402C804A827073FEB476','R18','CH','0',3,'M. Schroeder','2018-02-15','Bumpers - Assembly'),('425C6A3652EB4F2097A157775738C003','C18','CH','3',2,'B. Long','2018-02-16','Encoder Mounting Bracket'),('0DDFD2C099B442EE8C8A7C8B1F592388','C18','CL','1',4,'S. Wang','2018-02-16','TOP PULLY PLATE'),('C27C1A751064417C93BE93ACE831D81F','C18','CL','1',5,'S. Wang','2018-02-16','MOTOR-CHASSIS CONNECTION PLATE'),('973FC5AE8FE744FE8CA7D2E1E9816A9F','C18','CL','1',6,'S. Wang','2018-02-16','BUTTOM PULLY PLATE'),('AE3A8BACA7544236BA6577CF4C9D6FC4','C18','CL','1',7,'S. Wang','2018-02-16','THICKNESS OF HOOK'),('B1DD4DC34390407397213AF9617E550A','C18','CH','3',3,'B. Long','2018-02-16','Encoder-hex Mate'),('FF50E8D57F4941569846A87D50547921','C18','AR','1',2,'D. Brandon','2018-02-17','Part Created but never logged'),('CDDC1812ECCE4612BF0F7DD193307E5C','C18','AR','1',3,'D. Brandon','2018-02-17','Part Created but never logged'),('9445BA1C11AE419A90648F8D0181FC51','C18','AR','1',4,'D. Brandon','2018-02-17','Part Created but never logged'),('287FB63273314DAD862230EEBECD7B41','C18','AR','1',5,'D. Brandon','2018-02-17','Part Created but never logged'),('D5484AB0134145CFBA3BA9BB6259FFFE','C18','AR','1',6,'K. Dominguez','2018-02-17','Arm Shoulder Mount Plate'),('75EEB49C6A5C4AF799B2CB604B286CD5','C18','AR','3',3,'R. Rietveld','2018-02-17','Camera Mount Box'),('6E6F19E8B1BC48A1926CCA3540202290','C18','EE','1',1,'B. Long','2018-02-17','Electronics Board #2'),('98E5E4CFB237444EB99E84E4B18C4F9C','C18','EE','1',2,'B. Long','2018-02-17','Electronics Board #1'),('EBCD9271C07D40F4A1C93D022DFBEEB3','C18','CL','1',8,'S. Wang','2018-02-17','Hook: Other Plate'),('97EC328961BC4EF5B5516D3D2E0A92DA','C18','CH','0',8,'D. Brandon','2018-02-18','Lost Doc'),('BDD3E6F0355D4407B2D5208D3D79FAA4','C18','CH','0',9,'D. Brandon','2018-02-18','Lost Doc'),('49350C37C56F4AF08087BF05696B01C8','C18','CH','0',10,'D. Brandon','2018-02-18','Lost Doc'),('6E6F5139CCE3405D9997D93652FE5271','C18','CH','0',11,'D. Brandon','2018-02-18','Lost Doc'),('1E9B8B4721BF4363A467F1FE06CA8927','C18','CH','0',12,'D. Brandon','2018-02-18','Alternate Drive Sys'),('2AF2FB6D12BD4C13BA7C5FDCC878DB15','C18','CH','4',5,'D. Brandon','2018-02-18','Motor Plate Left Side'),('A5689574B99441DD9E0B68E611D0B996','C18','CH','4',6,'D. Brandon','2018-02-18','Wheel Plate'),('33D2E7BC21B540D3B3C99E134B63BC75','C18','CH','6',6,'D. Brandon','2018-02-18','The Perfect Wheel'),('0C58869B416643CD825F151CB531B3BD','C18','CH','2',29,'D. Brandon','2018-02-18','Lost Part'),('54D916807E234562A2B10A742E2835E3','C18','CH','2',30,'D. Brandon','2018-02-18','Hex Shaft'),('D0D74D3CF2A740449DA71A38320FDAEF','C18','CH','2',31,'D. Brandon','2018-02-18','Hex Shaft For Wheel'),('407F7F53CC6C4BEBA115913A97AD4EEA','C18','CH','4',7,'D. Brandon','2018-02-18','Motor Plate Inside Left'),('333F8FD5843440BB8FFE04CAF48F3E6E','C18','CH','4',8,'D. Brandon','2018-02-18','Motor Plate Right Side'),('26F1CA12FE97409E8537A7913E5FC511','C18','CH','4',9,'D. Brandon','2018-02-18','Motor Plate Inside Right'),('6EAB0661618C4FAC8BE0EA0C5D47BAF0','C18','AR','3',4,'R. Rietveld','2018-02-19','Reversible Servo Mount'),('35DFC9D4A3E840169A15DF3799190AF7','C18','AR','2',25,'D. Brandon','2018-02-19','23 Inch Arm'),('F4B1BED18E7C47ABADFC0EF34EEBEF68','C18','AR','0',7,'D. Brandon','2018-02-19','Asm Before Bag Day'),('7BF99F3E46C04170AD09DF684D5F2C7C','C18','AR','4',9,'D. Brandon','2018-02-19','Arm Insert'),('8201EF44C7824F54AB32F81F4DDC51D2','C18','AR','4',10,'D. Brandon','2018-02-19','Window Motor Mount'),('310187A78BD8444EACB95BE6B0D2E590','C18','AR','4',11,'D. Brandon','2018-02-19','New Window Motor Mount Plate'),('558D5ACC8B404B939581D278D612A7E8','C18','AR','4',12,'D. Brandon','2018-02-19','Axle Mount Plate'),('4246DA190E5A43D1951ADC6E227F0BE3','C18','CH','0',14,'B. Long','2018-02-22','Copy Of 0012 (new Drive System)'),('649CD92620DC4E2AB8E2DD99C9224831','C18','CH','3',4,'M. Schroeder','2018-02-20','Mount For Sensor On Drive System'),('61DE2D2FC6F6451CAD30FB7DB435FAE1','C18','CH','3',5,'M. Schroeder','2018-02-20','Hex Mount For Sensor For Drive System'),('0F923F782FA749BBA223F6EB5ED49136','C18','CH','1',3,'M. Schroeder','2018-02-20','Balls For Sensor For Drive System'),('E299A0AD48CA4EE1BC9CB72C7EE236B2','C18','CH','0',13,'M. Schroeder','2018-02-20','Assembly For Sensor For Drive System'),('BF4C048EDA9046DD869E1C17CBF83A5E','C18','CL','1',9,'S. Wang','2018-02-23','Other side of wheels mounting plate'),('5D665B491D3C4DE4AF586E0C11345BEC','C18','ER','0',7,'B. Long','2018-02-24','Copy Of 0006 For Ownership Issues'),('28CADDE9AC1F4138902A233880A00A2D','C18','AR','2',26,'D. Brandon','2018-02-14','Arm - Antenna'),('F5D956BDEAD04206A98B609593513BF6','C18','AR','2',27,'K. Dominguez','2018-02-26','Arm - Antenna Post Bag Day'),('994F15E17B854A5BBAEE8E617F93B382','C18','AR','0',8,'K. Dominguez','2018-02-26','Arm - Post Bag Day Design '),('29B831EC2A1F4BB89252FAD68F14531F','C18','AR','1',7,'P. DeVries','2018-02-26','Arm - Wheel Mounting Plate'),('B4999EF42EE74A5D99C5600C1E2CF3C1','C18','AR','1',8,'P. DeVries','2018-02-26','Arm - Antenna Sliding Tube End Plug'),('0EECFD71F8464EF2A38F10EA40962CB3','C18','AR','3',5,'P. DeVries','2018-02-26','Camera Moutnt'),('40965ECE07304D95933F7339C3E52062','C18','AR','2',28,'P. DeVries','2018-02-26','Arm - Sliding Tube'),('AD86B37B55DA46EA8F8292CA9B46D9EB','C18','AR','2',29,'P. DeVries','2018-02-26','Arm - Sliding Tube Bottom Mount Guide'),('BF64AD6FA9324B4AA8CAD0AFEE449D77','C18','AR','3',6,'P. DeVries','2018-02-26','Camer Mount'),('6162E1885FDA49579F54D0501BC5847B','C18','AR','3',7,'P. DeVries','2018-02-26','Arm - Antenna Sliding Tube Bushing'),('A7A39766B1AE4FF997D676E2C7CE13D5','C18','CL','0',3,'S. Wang','2018-02-26','Climber - Winch Assy'),('56F37CCDE3B74D4784E3FC9294DE1AD3','C18','CL','0',4,'S. Wang','2018-02-26','Climber - Upper Roller Assy'),('065F7486808C4F77B1645188B686540A','C18','CL','0',5,'S. Wang','2018-02-26','Climber - Lower Roller Assy'),('3B2F681345EA464CA50D9CEDCC9415C1','C18','CL','0',6,'K. Dominguez','2018-02-26','Climber - Grabber Assy Post Bag Day'),('820556E9AE5940EFB76CCE844E8ABC7F','C18','CH','3',6,'B. Long','2018-02-26','Gear Cover Rear'),('738D1294448A46658FC6DEE38FDECD80','C18','LW','3',1,'B. Long','2018-02-26','Claw Motor Hub'),('A8801918100C4C4F8C54474C18FA9301','C18','CL','3',3,'B. Long','2018-02-26','Gear Cover Rear Securing'),('175D067AB6D24CF2BA56F1927FD92BDD','C18','CH','3',7,'T. Qu','2018-02-26','Spacer Of Encoder Spacer'),('0A6968D8720749D0856D22FD41B98A3A','C18','AR','2',30,'K. Dominguez','2018-02-27','Arm - Antenna Left Side Post Bad Day'),('1E890035593243DEA1B4F329DF4B620B','C18','CH','3',8,'B. Long','2018-02-27','Mirrored Motor Cove'),('2DF5C8A1EA874F37AD61E7DB7983E6FC','C18','AR','0',9,'K. Dominguez','2018-02-27','Arm - Flagpole Sub Assy'),('A4197F071D4C4F10AAC120BE73D3EC67','C18','CL','2',1,'S. Wang','2018-02-27','Climber Bar'),('9A8BFDBC93494B168F3983A48652A220','C18','CL','2',2,'S. Wang','2018-02-27','Climber Bar'),('91AA2FEFD84D4A39B5DC17DF3373D742','C18','TL','2',11,'B. Long','2018-02-27','New Motor Mount'),('2332773CABEC4261AC9E482B4F9E2F2B','C18','CL','2',4,'R. Rietveld','2018-02-27','Climber Roller Bushing'),('9E4D7DA02481484D89A882D6DBB62268','C18','TL','2',12,'T. Qu','2018-02-27','Impact Bar'),('EBAF3757127E42E693FD90AD721F3A51','C18','CH','3',9,'B. Long','2018-03-01','New Motor Cover'),('EC1D33A284C44FA8BE60EB29B5427274','C18','TL','4',8,'T. Qu','2018-03-01','Board To Cover Electronics'),('F1E65C5A79B2436EA04A5837EA193B21','C18','TL','3',1,'B. Long','2018-03-01','Lidar Mount'),('221D7A03C7954450AAF1534F3038EDA7','C18','CL','3',4,'S. Wang','2018-03-01','Hook-ignition Clearance'),('DAE1027CB2824D2DBC156270A052103E','C18','EE','3',1,'D. Brandon','2018-03-02','Hextoencoder Coupler (Universal)'),('11727677D0F64BEBA3F410FC9E34F221','C18','EE','3',2,'D. Brandon','2018-03-02','Hextoencoder Coupler -- Long On Encoder End'),('C9808703433B483DB328771BC762EC7B','C18','EE','3',3,'D. Brandon','2018-03-02','Hextoencoder Coupler -- Long On Hex End'),('C5F0AEB6D63744FD9B2683ECA56F3FCB','C18','EE','3',4,'D. Brandon','2018-03-02','3/8 Round Shaft To Encoder Coupler'),('8FC5EE44D9764C9A8AFCC396DCA2CD9F','C18','AR','4',13,'D. Brandon','2018-03-02','Fake Sholder Plates to bring CB1 up to CB2'),('2F3A9D028D61487D869C98AA4798032A','C18','AR','4',14,'D. Brandon','2018-03-02','Stronger Tongs'),('A5023D102EB34EBD81BB10FF35B64AD5','C18','CH','2',32,'J. Bassett','2018-03-03','Bumper Corner '),('E029C7ED09C348AAB9BCB359FAB896A5','C18','EE','3',5,'T. Qu','2018-03-05','Mount For Magnet'),('DD529B232E954583ACDF6392D6659EC8','C18','CH','3',10,'R. Rietveld','2018-03-06','Left Gear Shield For Wheels'),('EA696250BAE54406BF77AC2883FA86B3','C18','CH','3',11,'R. Rietveld','2018-03-06','Right Gear Shield For Wheels'),('FDA29583C86043F394FDE3379076A0DF','C18','AR','0',10,'S. Wang','2018-03-13','12\" Flag Poll'),('20A36EBB506F45B59D09BBCA1C060C51','C18','AR','2',31,'S. Wang','2018-03-13','Bottom Shaft For 12\" Flag Poll'),('B256FA3DC5814334ABBEEB0A2E395267','C18','TL','4',9,'B. Long','2018-03-13','Abs Sandwich'),('1CDCA8136DD149EE84DE2FD178750DA3','C18','AR','2',32,'S. Wang','2018-03-13','Top Shaft For 12\" Flag Poll'),('4C6AEA46065C4A67BA4EACCC9CF67FAE','C18','TL','0',13,'D. Brandon','2018-03-15','Modified  Chain Asm'),('BF6E96D9B7C1460D9605C90B68594B6F','C18','TL','4',10,'D. Brandon','2018-03-15','New Chain Lock Base Component'),('9A79D554CAE34714BEE79C37403265AF','C18','TL','1',9,'B. Long','2018-03-15','Al Sandwich Plate.'),('E37C3566CBE0442EAA748C7F6796DF42','C18','TL','4',11,'D. Fieldhouse','2018-03-13','Hex Shaft Bearing Block'),('4EE7418E491C433A88815633DABB49E3','FG8','SS','6',1,'J. Bassett','2018-04-10','C-channel'),('A9EA928BB4CD4BBB9AEC3FA3BE639A67','FG8','SS','6',2,'J. Bassett','2018-04-10','Tube/spacer'),('0DB77E9486ED48F08B0A082237BC2020','FG8','SS','0',1,'J. Bassett','2018-04-10','Prototype Spindle'),('F0F13227FB5647379E79981C9501C7B3','P17','CS','7',1,'M. Schroeder','2018-04-19','Strut Channel For Thor'),('8D8DEE30230B4DE3A1FC36BF46B2B6B9','F18','CH','2',1,'R. Rietveld','2018-09-22','Long Side Bar'),('DD6F5B3DEAAC4848834372DF2B60F483','F18','CH','2',2,'R. Rietveld','2018-09-22','Short Side Bar'),('704681FB25824AB78D53A37180DC3832','G18','FS','0',1,'M. Schroeder','2018-10-06','Main Frisbee Shooter Assembly'),('4F98402482EB4C648797506FB3600259','G18','FS','5',2,'M. Schroeder','2018-10-06','MDF Board'),('9D36650B8ED746FBBBF5B045BD67BB7F','G18','FS','2',3,'M. Schroeder','2018-10-06','ABS Extrusion Sheet for FS'),('A06601CAAE3A401698EABD2E5D6F21E9','G18','TT','7',1,'H. Malmsten','2018-10-06','chain representation'),('CE4E07592D9244BA94E8F1CB3CFE3EB9','X18','CH','2',1,'R. Rietveld','2018-10-06','Drop Center Chassis Bar - VersaFrame'),('CA8643319BE2441E8A0DD4911184AA0D','G18','FS','2',4,'M. Schroeder','2018-10-06','Small Mount'),('515830D7A0FE473DB2A720302F9AF802','X18','CH','2',2,'T. Qu','2018-10-06','Short Battery Holder Bar'),('0E9F9507B411417BA114B2DD9C8908C0','G18','FS','3',5,'M. Schroeder','2018-10-06','Frisbee Arm - 3D printed/cnc + heated'),('8A25CFFD42A349068667F56593515F31','X18','CH','2',3,'R. Rietveld','2018-10-06','Revised Drop Center Chassis Bar - VersaFrame'),('B8E6FAC78704436791FA5C1163F43329','X18','CH','2',4,'R. Rietveld','2018-10-06','Front/Rear Chassis Bar - Versa Frame'),('3DE1CB6B3A064BC3A78A0DEF40C4F380','X18','CH','2',5,'T. Qu','2018-10-06','Hex Shaft Axle'),('BA0AACFFA3E849329A0F0CEB71EC7734','X18','CH','2',6,'T. Qu','2018-10-06','Front Battery Holder Bar'),('81D955F2A63A4C4EB5EE1D60D10F01CC','X18','CH','2',7,'T. Qu','2018-10-06','Side Battery Holder Bar'),('6FFC6C96AAF14785AA79C91A78F6BC0A','X18','CH','2',8,'T. Qu','2018-10-06','Chassis cross support bar'),('357D63CE4E7A41F69422DCE28B876670','X18','CH','2',9,'R. Rietveld','2018-10-06','Small Battery Support Bar'),('8C6E0D1E0593401D9ED6E569BBAD9DFB','X18','CH','2',10,'T. Qu','2018-10-06','Chassis Cross Support'),('A274263CBB9144D08ACC9122331AD243','X18','CH','2',11,'T. Qu','2018-10-06','Chassis Small Front Bar'),('12F023F678904622B16C92EB6FC04AEE','X18','CH','2',12,'R. Rietveld','2018-10-06','Chassis Long Bar'),('3BAA22557B8144E9BE9FE8B528096F9B','X18','CH','3',13,'B. Long','2018-10-06','Brennan\'s Encoder Mount'),('AB8130122ADF4D4A9FDD85CA77B87213','X18','CH','3',14,'R. Rietveld','2018-10-06','Ricky\'s Encoder Mount'),('E1F2FB5DBE234C4790071FE7C7905442','X18','EE','0',1,'B. Zhou','2018-10-06','Electrical Board'),('F5FFDBA6478544AA8ACFD0D9D1EA2B65','X18','CH','0',15,'R. Rietveld','2018-10-06','Chassis Assembly'),('D465FD4E594243F2841D6E44363B863A','G18','TT','4',2,'H. Malmsten','2018-10-06','talon tester bearing bracket'),('8F96EDDA628F4E9587EB8123475486D0','G18','FS','4',6,'M. Schroeder','2018-10-06','Wheel Kicker'),('0EC83320E70947D8A8ED6EEAC33AEA0B','G18','TT','7',3,'H. Malmsten','2018-10-06','WEIGHT MOUNT'),('32BFF96D6CA546D280FA3EED78E3BE83','X18','FS','3',1,'D. Brandon','2018-10-07','3 inch Spinner for 3D Printed Shooter.'),('D279BEBE22B5444D81AB763324B30FBF','X18','FS','3',2,'D. Brandon','2018-10-07','Cylinder holder for 4-5 Frisbees, stackable. '),('9A0D351905E542358585F3C92C50E1F1','X18','FS','3',3,'D. Brandon','2018-10-07','Cylindar holder, stackable.  5.1\" diameter -- exactly right size.'),('BD9A9685CC064ED690578C3925416811','X18','FS','3',4,'D. Brandon','2018-10-07','Outer guide ring -- 13\" diameter'),('7C6A483C89AA47E9A0574B07381E56A7','X18','FS','0',5,'D. Brandon','2018-10-07','Full System of 3D printed Parts and base.'),('20E84E5B0DD14EA898D9B8C07190F548','X18','FS','8',6,'D. Brandon','2018-10-07','Metal Base for 3D printed shooter'),('65CC26905E524699BC6EFB61D9DE34A4','X18','FS','3',7,'D. Brandon','2018-10-08','Bottom of Frisbee Stack'),('F4F8F48E09B24C2C927A6E8C8D205C3B','X18','FS','3',8,'D. Brandon','2018-10-08','Bottom of Frisbee Stack, Try 2'),('DBEA8D503B9247EABB3B4441DA0127FF','X18','FS','3',9,'D. Brandon','2018-10-08','Kicker'),('A720A91593094B0CACA574402FECC99A','X18','FS','3',10,'D. Brandon','2018-10-08','Kicker Track'),('ED90070E3B0B45A5AB90C4FE4BF4C4E9','X18','FS','3',11,'D. Brandon','2018-10-08','Lock Block for Kicker'),('352095377C864DC4BE27360A20327E2B','X18','FS','3',12,'D. Brandon','2018-10-09','Long Servo Arm'),('921FD863999E4263A98A291D44AA04F5','X18','FS','5',13,'D. Brandon','2018-10-09','Side Rail for enclosure 5 by 10\"'),('C0ABC3013F154978A8157F9E636DDFE5','X18','FS','5',14,'D. Brandon','2018-10-09','Front/Back rail for box enclosure.'),('EE1F8F31394347DCA6F89B6D6C171100','X18','FS','3',15,'D. Brandon','2018-10-09','Servo Arm Stand for 4 inch arm'),('9BD6F30DE4B9450ABBA3A9B662087227','X18','FS','3',16,'D. Brandon','2018-10-09','Forked Arm for Servo'),('AF189BF7C1E8469FACF8043707E9B85A','X18','FS','7',17,'D. Brandon','2018-10-09','Representation of Servo Horn... '),('C71268D8954F44BDB3F40DA4A27E84CB','X18','FS','3',18,'D. Brandon','2018-10-09','Servo Mount, HS-645MG, Side Ways, with both against surface'),('72B6085812EE4D42852AAEFFB1A13C66','G18','TT','9',4,'H. Malmsten','2018-10-09','encoder hex connecter'),('4361B5D36EEF4E1F9F2189D01A6BE3D0','G18','TT','2',5,'H. Malmsten','2018-10-09','Encoder holder'),('74D2989B25F248A49133F50B1D9E5146','G18','TT','2',6,'H. Malmsten','2018-10-10','Hex shaft connector'),('D0936E89774F4541B4A8AFB884587FFF','G18','TT','2',7,'H. Malmsten','2018-10-10','Motor holder'),('11A77D0BBA414489A2E3723BDB089EA0','X18','EE','3',2,'B. Zhou','2018-10-10','Roborio mount'),('4469DC9D08FF4153833AFE967DAE48D4','X18','FS','3',19,'D. Brandon','2018-10-11','Motor Spacer'),('FC71F0605B184652AE77C1533350B7BF','X18','FS','3',20,'D. Brandon','2018-10-11','Clamping Ring'),('4285C411D2474244976C41FEADEEF55E','X18','FS','3',21,'D. Brandon','2018-10-11','Clamp Driver Ring'),('F76BA9AB0BB143EBBF0520F869E0D562','X18','FS','3',22,'D. Brandon','2018-10-11','Clamp Shoe'),('5B51101274D34093BA388F93D0522D2A','X18','FS','3',23,'D. Brandon','2018-10-11','Control Panel Bezzal For Prototype'),('C43D5A0ED8D14D6C84FAC9A0EBE7AC94','X18','FS','3',24,'D. Brandon','2018-10-11','Micro Button Brace'),('CC5D9167138242F78357DED03970C418','X18','FS','3',25,'D. Brandon','2018-10-11','Circuit Board Mount'),('D7637370145145CDAE674DA1163A5D4B','X18','FS','3',26,'D. Brandon','2018-10-12','Improved Design of Bottom Ring for Frisbee Stack'),('D8F178C82F0C4DD89A3D013A3942196B','G18','MJ','3',1,'D. Brandon','2018-10-12','Shaft with Flywheel for 4mm shaft'),('E9E479B1A2C14596B62E834D65CBEE3D','G18','MJ','5',2,'D. Brandon','2018-10-12','Wood Base for project'),('2FDE1B7E1A0A44D58AE6A9723CEF1DDA','G18','MJ','0',3,'D. Brandon','2018-10-12','Motor Jig for software Development'),('558395161CFC4A78AF5DC4DED0ADEE3C','G18','FS','3',7,'D. Brandon','2018-10-12','Motor Mount Bracket for BAG motor'),('6054324348674280BBB118CBA8215446','G18','MJ','3',4,'D. Brandon','2018-10-12','Motor Mount for BAG Motor, 1.25\" High'),('95AD2E7CD7EA4F3A860D02952B97B00C','G18','MJ','3',5,'D. Brandon','2018-10-12','Hub to connect flywheel to encoder'),('0A205046D74147829FE7C5F419560FC0','G18','MJ','7',6,'D. Brandon','2018-10-12','Old Bolt that fits into a BAG motor'),('16B07E00E9FD4E8BBE6F796D1DF22ABE','G18','MJ','7',7,'D. Brandon','2018-10-12','Encoder Bracket'),('72B3E86D4E824DD7860F26AB9CC6A949','G18','MJ','3',8,'D. Brandon','2018-10-12','Encoder Bracket'),('FA0DED2EDA0F42FB98BBCBDA6B8D4764','X18','CH','2',16,'B. Long','2018-10-13','Shooter-chassis connector lbracket'),('3C45F2865E8E4811AA2577AB1B2E6D7E','G18','GN','4',1,'C. Sun','2018-10-13','drill press base'),('3684BBD4844945D28D30C455998825AD','G18','GN','4',2,'C. Sun','2018-10-13','drill press top\r\n'),('E406946A54584E7ABD179BBA382D6D4C','G18','GN','4',3,'C. Sun','2018-10-13','drill press support'),('70A4F8E6F8BD4D8BAF3C2D6AAE8A95B3','G18','GN','0',4,'C. Sun','2018-10-13','drill press support-assembly'),('D377BBE52B964BF6BE63EA4AF87BCEE0','G18','GN','3',5,'R. Rietveld','2018-10-13','EPIC Gear 3-D Print'),('CE06495BA17A4DEB8FDC2DD170E8DE9A','X18','EE','8',3,'B. Zhou','2018-10-13','Electrical Base Board'),('342A6264209540CCB6D7618E12FB0B42','X18','TA','7',1,'D. Brandon','2018-10-14','Top Table Plate'),('E6A4B57FFC5B4CCA968EB3319CEFBAAF','X18','TA','7',2,'D. Brandon','2018-10-14','Wood Base for Testing'),('27E956B49F4649139C1E8A3977744BBC','X18','TA','0',3,'D. Brandon','2018-10-14','Full System'),('3C901AE44675446EB2C7067B87717671','X18','TA','4',4,'D. Brandon','2018-10-15','Bearing Holder'),('BFD99D7D29DE4BF28D9386ADC125E910','X18','TA','0',5,'D. Brandon','2018-10-15','Guide Block'),('0859A459BD314A018BC8F337F835560A','X18','TA','8',6,'D. Brandon','2018-10-15','Large Pinion Gear to turn Table 2\" Pitch Dia, 16T'),('8DFDB1717F4C405F8E5B99B33837903D','X18','TA','8',7,'D. Brandon','2018-10-15','Large Gear mounted on Turn Table'),('C8C7EC05E9264C7B99B88AA8F12D71A0','G18','TT','4',8,'H. Malmsten','2018-10-17','Motor stabler '),('77E9F23CAAD9478C8C008FA579E1E6C8','X18','CH','2',17,'B. Long','2018-10-17','Superstruct support'),('3C929CF060B540F3BF88E2150FE0F2E3','G18','FS','5',8,'M. Schroeder','2018-10-17','top plate of frisbee shooter'),('FD58FAE47D39420D8FB66F67A297497E','X18','CH','2',18,'B. Long','2018-10-17','Superstruct side bars'),('D4BFC5465CED43608417066D7CC69183','X18','TA','3',8,'T. Qu','2018-10-17','Spacer between the large gear and the disk'),('5426CF0F58E947EF9BFD5924877F8D0E','G18','GN','3',6,'C. Sun','2018-10-17','talon pcb spacer');
/*!40000 ALTER TABLE `EpicParts` ENABLE KEYS */;
UNLOCK TABLES;

--
-- Table structure for table `PartTypes`
--

DROP TABLE IF EXISTS `PartTypes`;
/*!40101 SET @saved_cs_client     = @@character_set_client */;
/*!40101 SET character_set_client = utf8 */;
CREATE TABLE `PartTypes` (
  `Digit` char(1) DEFAULT NULL,
  `Description` varchar(256) DEFAULT NULL
) ENGINE=InnoDB DEFAULT CHARSET=latin1;
/*!40101 SET character_set_client = @saved_cs_client */;

--
-- Dumping data for table `PartTypes`
--

LOCK TABLES `PartTypes` WRITE;
/*!40000 ALTER TABLE `PartTypes` DISABLE KEYS */;
INSERT INTO `PartTypes` VALUES ('0','Assembly'),('1','Sheet Metal'),('2','Extrusion'),('3','3D Printed'),('4','Machined'),('5','Wood'),('6','Prototype'),('7','Volume'),('8','CNC'),('9','Misc');
/*!40000 ALTER TABLE `PartTypes` ENABLE KEYS */;
UNLOCK TABLES;

--
-- Table structure for table `Passwords`
--

DROP TABLE IF EXISTS `Passwords`;
/*!40101 SET @saved_cs_client     = @@character_set_client */;
/*!40101 SET character_set_client = utf8 */;
CREATE TABLE `Passwords` (
  `Name` varchar(120) DEFAULT NULL,
  `Privilege` int(11) DEFAULT NULL,
  `Hash` varchar(512) DEFAULT NULL
) ENGINE=InnoDB DEFAULT CHARSET=latin1;
/*!40101 SET character_set_client = @saved_cs_client */;

--
-- Dumping data for table `Passwords`
--

LOCK TABLES `Passwords` WRITE;
/*!40000 ALTER TABLE `Passwords` DISABLE KEYS */;
INSERT INTO `Passwords` VALUES ('',3,'JDJhJDA2JHNHWGt6SkM0RnVJL0EvZ25aNUlZai5wcC4uQWlxL1dNdlJDN2w5dkJJZHluR0xrZEd1djFT'),('',2,'JDJhJDA2JHB0S2xmamVtL3k4OHpwZ1JEQzRYLy5qUWc1NjNqQWZzTUxOd3REUVFUM082UDVpTlZiWFpt'),('',2,'JDJhJDA2JGJ3Z1hUZW1GaHVxTFhWYnBQb2FyUnVHeEdGdVZhLk9CZTVlWFZuWnpuNE9pSE5BS3RMYXk2'),('',2,'JDJhJDA2JEsxNXovdzBaRHhoWVF0N3U1OXlmZU9rU2hQT3VhM3lJa0hBeFNmY3FDMTZhdDliOE90b0Yu'),('',1,'JDJhJDA2JEV0SFhRcTBCdURhb2tmVUVZaC9CVnVoZTRiY0ltRmVKN1E3NXJVeTNOdnU4WG5RdWxtYUJT');
/*!40000 ALTER TABLE `Passwords` ENABLE KEYS */;
UNLOCK TABLES;

--
-- Table structure for table `Projects`
--

DROP TABLE IF EXISTS `Projects`;
/*!40101 SET @saved_cs_client     = @@character_set_client */;
/*!40101 SET character_set_client = utf8 */;
CREATE TABLE `Projects` (
  `ProjectId` char(3) NOT NULL,
  `Description` varchar(512) DEFAULT NULL,
  `Year0` varchar(10) DEFAULT NULL,
  `Active` int(11) DEFAULT NULL,
  PRIMARY KEY (`ProjectId`)
) ENGINE=InnoDB DEFAULT CHARSET=latin1;
/*!40101 SET character_set_client = @saved_cs_client */;

--
-- Dumping data for table `Projects`
--

LOCK TABLES `Projects` WRITE;
/*!40000 ALTER TABLE `Projects` DISABLE KEYS */;
INSERT INTO `Projects` VALUES ('B17','Business Projects (2017)','2017',0),('C15','Competition 2015','2015',0),('C17','Competition Bot (2017)','2017',0),('C18','Competition Final 2018','2018',0),('F15','FRC 2015 Competition Bot','2015',0),('F17','Field Support Equpipment','2017',0),('F18','Field Elements 2018','2018',0),('FG8','Frisbee Go Kart (Summer 18)','2018',0),('G17','General (Fall 2017)','2017',0),('G18','General, Fall 2018','2018',1),('N18','Conceptual Bot 2018','2018',0),('P15','Preseason, Prototye 2015','2015',0),('P16','Preseason (Fall 2016)','2016',0),('P17','Pre-Season (Fall 2017)','2018',0),('R18','Competition Prototype 2018','2018',0),('S14','SoildWorks Class Fall 2014','2014',0),('S16','Season 2016','2016',0),('S17','Season 2017','2017',0),('SB5','SW Class Beg (Spring 2015)','2015',0),('SM5','SW Class Int (Spring 2015)','2015',0),('SPP','Special Projects 2014','2014',0),('T17','Post-season (Spring 2017)','2017',0),('V18','Volumentric Bot 2018','2018',0),('X18','Practice Bot, Fall 2018','2018',1),('Y14','All of Year 2014 Projects','2014',0);
/*!40000 ALTER TABLE `Projects` ENABLE KEYS */;
UNLOCK TABLES;

--
-- Table structure for table `Subsystems`
--

DROP TABLE IF EXISTS `Subsystems`;
/*!40101 SET @saved_cs_client     = @@character_set_client */;
/*!40101 SET character_set_client = utf8 */;
CREATE TABLE `Subsystems` (
  `ProjectId` char(3) DEFAULT NULL,
  `SubsystemId` char(2) DEFAULT NULL,
  `Description` varchar(512) DEFAULT NULL
) ENGINE=InnoDB DEFAULT CHARSET=latin1;
/*!40101 SET character_set_client = @saved_cs_client */;

--
-- Dumping data for table `Subsystems`
--

LOCK TABLES `Subsystems` WRITE;
/*!40000 ALTER TABLE `Subsystems` DISABLE KEYS */;
INSERT INTO `Subsystems` VALUES ('B17','SV','Pit Shelves'),('C15','CC','Caleb claw'),('C15','CH','Chassis 2015'),('C15','EL','Electronics'),('C15','EV','Elevator'),('C15','FW','Folding wing'),('C15','GA','General'),('C15','GR','General Robot Assy'),('C15','HG','Happy Gilmore'),('C17','BL','Blender (Competition)'),('C17','BO','Softball Shooter (Competition)'),('C17','CH','Chassis (Competition)'),('C17','CL','Climber (Competition)'),('C17','ER','Entire Robot (Competition)'),('C17','FC','Fuel Collector (Competition)'),('C17','FL','Fuel Loader (Competition)'),('C17','FT','Fuel Tank (Competition)'),('C17','GG','Gear Grabber (Competition)'),('C17','GH','Gear Holder (Competition)'),('C17','SL','Shooter Loader (Competition)'),('C17','SP','Spear'),('C17','TT','Twin Turret (Competition)'),('C18','AR','Arm'),('C18','BF','Butterfly Drive - Cassette Design'),('C18','CH','Chassis'),('C18','CL','Climber'),('C18','EE','Electronics'),('C18','ER','Entire Robot'),('C18','LW','Power Cube Grabber'),('C18','TL','Telescoping Tower of Terror'),('F15','CH','Chassis'),('F15','GA','General'),('F17','CT','Bot Cart'),('F17','DS','Drivers Station'),('F18','CH','Chassis'),('F18','FE','Field Elements'),('X18','FS','Frisbee Shooter'),('X18','CH','Chassis'),('X18','EE','Electronics'),('FG8','DS','Go Kart - Driveshaft'),('FG8','FR','Go Kart - Frame'),('FG8','PD','Go Kart - Pedals'),('FG8','SS','Go Kart - Steering System'),('FG8','ST','Go Kart - Seat'),('G17','GN','General'),('G18','GN','General'),('G18','TT','Talon Tester'),('N18','BB','Lidar Turntable (Bobby Box)'),('N18','BF','Butterfly Drive - Cassette Design'),('N18','CH','Chassis - Conceptual'),('N18','CL','Climber - Conceputal'),('N18','ER','Entire Robot'),('N18','FK','Forklift Design'),('N18','LD','Ladder Arm Design'),('N18','LW','Claw Cube Intake'),('N18','MS','Mini Folding Arm (The Mini Sam)'),('N18','TL','Telescoping Arm'),('N18','WD','Wedge Ladder Design'),('N18','WH','Wheel Cube Intake'),('P15','CN','CNC'),('P15','FW','Flywheel'),('P15','KJ','Kyles'),('P15','MF','Mini Frissbee'),('P15','PR','Prototyping Bots'),('P15','SP','Special Projects'),('P16','BH','Ball Shooter'),('P16','DS','Drivers Station'),('P16','MC','Motor Controller'),('P16','MH','Marble Shooter'),('P16','PB','Protobot'),('P16','SG','EPIC Board Sign'),('P17','CH','Chassis (6 Wheels)'),('P17','CS','CNC Support'),('P17','FL','FLL Project'),('P17','SW','Ball Sweeper'),('P17','TS','Targeting System'),('R18','CH','Chassis'),('S14','AR','Arm'),('S14','BG','Assy Project'),('S16','BB','Bailer Bar'),('S16','CD','Conceptual Designs'),('S16','CH','Chassis'),('S16','CL','Climber'),('S16','DS','Drivers Station'),('S16','EL','Electronics'),('S16','ER','Entire Robot Assy'),('S16','PN','Pneumatics'),('S16','SH','Ball Shooter'),('S16','WG','Defense Manipulator (Wedgie)'),('S16','WH','Wheels'),('S17','BD','Ball Shooter - Dual Wheel'),('S17','BO','Ball Shooter - Single Wheel'),('S17','CH','Chassis'),('S17','CL','Climber'),('S17','ER','Entire Robot'),('S17','FC','Fuel Collector'),('S17','FL','Fuel Loader'),('S17','FS','Fuel Shooter'),('S17','FT','Fuel Tank'),('S17','GH','Gear Holder'),('S17','GN','General (Season 2017)'),('S17','SB','Ball Shooter - Softball'),('S17','SL','Shooter Loader'),('S17','VI','Volume Intergration'),('SB5','DE','Demo Parts'),('SM5','DE','Demo Parts'),('SM5','GE','General'),('SPP','PT','Pit'),('T17','AV','Advanced CAD, SP 2017'),('T17','BG','Beginner CAD, SP 2017'),('T17','ID','Intermediate CAD, SP 2017'),('V18','CH','Chassis'),('V18','CL','Climber'),('V18','FA','Folding Arm Design'),('V18','GN','General'),('V18','LD','Ladder Arm Design'),('V18','LW','Claw Cube Griper'),('V18','PD','Pendulum Arm Design'),('Y14','S2','Old subsystem.'),('Y14','A1','Old subsystem.'),('Y14','M1','Old subsystem.'),('Y14','L1','Old subsystem.'),('Y14','FL','Old subsystem.'),('Y14','CH','Old subsystem.'),('Y14','B1','Old subsystem.'),('Y14','AM','Old subsystem.'),('Y14','MM','Old subsystem.'),('Y14','L3','Old subsystem.'),('G18','FS','Frisbee Shooter, Prototype'),('G18','MJ','Motor Jigs for testing'),('X18','TA','Turntable for Shooter');
/*!40000 ALTER TABLE `Subsystems` ENABLE KEYS */;
UNLOCK TABLES;

--
-- Table structure for table `SupplierCategory`
--

DROP TABLE IF EXISTS `SupplierCategory`;
/*!40101 SET @saved_cs_client     = @@character_set_client */;
/*!40101 SET character_set_client = utf8 */;
CREATE TABLE `SupplierCategory` (
  `Category` char(2) DEFAULT NULL,
  `Description` char(120) DEFAULT NULL
) ENGINE=InnoDB DEFAULT CHARSET=latin1;
/*!40101 SET character_set_client = @saved_cs_client */;

--
-- Dumping data for table `SupplierCategory`
--

LOCK TABLES `SupplierCategory` WRITE;
/*!40000 ALTER TABLE `SupplierCategory` DISABLE KEYS */;
INSERT INTO `SupplierCategory` VALUES ('01','Wheels'),('02','Motors and Servos'),('03','Gearboxes/Transmissions'),('04','Drive Chassis'),('05','Electrical Components'),('06','Gears'),('07','Bearings'),('08','Hubs'),('09','Sprockets'),('10','Pneumatics'),('11','Pulleys'),('12','Game Pieces'),('13','Screws, Nuts, and Bolts'),('14','Extrusions'),('15','Brackets, Tees, Connectors'),('16','Washers and Spacers'),('17','Collars'),('18','Hinges'),('99','Misc.');
/*!40000 ALTER TABLE `SupplierCategory` ENABLE KEYS */;
UNLOCK TABLES;

--
-- Table structure for table `SupplierParts`
--

DROP TABLE IF EXISTS `SupplierParts`;
/*!40101 SET @saved_cs_client     = @@character_set_client */;
/*!40101 SET character_set_client = utf8 */;
CREATE TABLE `SupplierParts` (
  `PID` char(32) DEFAULT NULL,
  `Category` char(2) DEFAULT NULL,
  `SeqNum` int(11) DEFAULT NULL,
  `Description` varchar(512) DEFAULT NULL,
  `Vendor` varchar(256) DEFAULT NULL,
  `VendorPN` varchar(256) DEFAULT NULL,
  `WebLink` varchar(512) DEFAULT NULL,
  `Designer` varchar(60) DEFAULT NULL,
  `DateIssued` char(20) DEFAULT NULL
) ENGINE=InnoDB DEFAULT CHARSET=latin1;
/*!40101 SET character_set_client = @saved_cs_client */;

--
-- Dumping data for table `SupplierParts`
--

LOCK TABLES `SupplierParts` WRITE;
/*!40000 ALTER TABLE `SupplierParts` DISABLE KEYS */;
INSERT INTO `SupplierParts` VALUES ('8F81ECCAEDF940ACB04FA32C333B4455','02',1,'2.5\" CIM Motor','Andy Mark','AM-0255','http://www.andymark.com/CIM-motor-FIRST-p/am-0255.htm','K. Dominguez','2013-02-06'),('9CA85E83DA584CC8BE9CACC7ED635E06','01',1,'2010 8\" FIRST Wheel, Rubber Treaded','Andy Mark','AM-0420','https://www.andymark.com/product-p/am-0420.htm','K. Dominguez','2013-04-20'),('F7E830268B004EB49C19E4C4F31E046D','01',2,' 8\" Mecanum HD Wheel - Left','Andy Mark','AM-2116','http://www.andymark.com/8in-Mecanum-HD-Left-p/am-2116.htm','K. Dominguez','2014-01-18'),('CA58995254414012867C7C8C4CCD27CE','01',3,' 8\" Mecanum HD Wheel - Right','Andy Mark','AM-2115','http://www.andymark.com/8in-Mecanum-HD-Right-p/am-2115.htm','K. Dominguez','2014-01-18'),('67A9071ACF2843D0A5D2D77A5DBFBB28','01',4,'8 inch Pneumatic Wheel','Andy Mark','AM-0970','http://www.andymark.com/product-p/am-0970.htm','C. Granch','2014-01-18'),('309AED9D32504FA5A4FF3DEEF152FEBB','02',2,'9015 Motor','Andy Mark','AM-0912','http://www.andymark.com/product-p/am-0912.htm','K. Dominguez','2014-01-18'),('6C65FC3A1FE24FE389D1C5DD0C394D04','02',3,'Snow Blower motor','Andy Mark','AM-2235','http://www.andymark.com/product-p/am-2235.htm','C. Granch','2014-01-18'),('37AEEA52A8CB4583ACCF956A04200F8E','03',1,'Nano Tube 20, Two 500 Key Shafts, 2 motor inputs','Andy Mark','AM-0809','http://www.andymark.com/NanoTube-p/am-0809.htm','C. Dominik','2014-01-18'),('05C8F738F81D42AB8D93378A4520BEBC','05',1,'Battery','Andy Mark','AM-0844','http://www.andymark.com/product-p/am-0844.htm','C. Dominik','2014-01-18'),('7F3794C3308C4BB39E735E42767695E7','02',4,'PG27 Planetary Gearbox with RS775 Motor','Andy Mark','AM-0915','http://www.andymark.com/product-p/am-0915.htm','C. Granch','2014-01-20'),('0BBCFF8E04404E79B945F48137718AF7','02',5,'PG188 Planetary Gearbox with RS775 Motor','Andy Mark','AM-2193','http://www.andymark.com/product-p/am-2193.htm','C. Granch','2014-01-20'),('41FFCD7CF5EA4F688EB6CEF50D56A1B6','10',1,'Bracket for Plastic Air Tank','Andy Mark','AM-2008','http://www.andymark.com/product-p/am-2008.htm','C. Granch','2014-01-20'),('A3757C85BD3845CC801BD3063E8184C5','05',2,'D-Link DAP-1522 Rev B Dual Band Wireless Bridge','Andy Mark','AM-0839','http://www.andymark.com/DAP-1522-REV-B-p/am-0839.htm','C. Granch','2014-01-21'),('E758A6DB8C434E2A9410F6F51056DF81','05',3,'Power Distribution Board ','Andy Mark','AM-0865','http://www.andymark.com/product-p/am-0865.htm','C. Granch','2014-01-21'),('A665A2F912954ADC9681593E8AB64F16','05',4,'Digital Sidecar','Andy Mark','AM-0866','http://www.andymark.com/product-p/am-0866.htm','C. Granch','2014-01-21'),('5DE75C78CE184466B65763AB52AA771E','05',5,'Talon - Old 2014','Andy Mark','AM-2505','http://www.andymark.com/Talon-p/am-2505.htm','C. Granch','2014-01-21'),('C8A0E7A750754D578EDD1342A816EA4F','05',6,'12V to 5V convertr','Andy Mark','AM-0899','http://www.andymark.com/product-p/am-0899.htm','C. Granch','2014-01-23'),('79BF91C3354D4563A37DD525C6B4BF56','07',1,'3/8\" id Flanged, Shielded Ball Bearing','AST Bearings','FR6ZZ','http://www.astbearings.com/product.html?product=FR6ZZ','K. Dominguez','2014-01-23'),('18FB5FC2074843B29C9B7725C0FE9AD6','10',2,'Air Compressor (Box model)','Andy Mark','AM-2005','http://www.andymark.com/product-p/am-2005.htm','C. Granch','2014-01-23'),('54A5A1B3D2EB4D76B17CED71DD23C109','10',3,'Stainless Steel Air Cylinder, Pivot-Mount, Spring Return, 2\" Bore, 3\" Stroke','McMaster-Carr','6498K294','http://www.mcmaster.com/','A. Haitz','2014-01-23'),('B59E40DA6CB74F8CBBC9157A5F84CE99','05',7,'Compact rio','????','N/A','','C. Dominik','2014-01-25'),('8DA910D0B4934DB3BA05438695394754','05',8,'Circuit Breaker','Andy Mark','AM-0282','http://www.andymark.com/product-p/am-0282.htm','C. Granch','2014-01-25'),('393F70B113BD46C6A2D5177A0F21E506','08',1,'500 Key Hub','Andy Mark','AM-0077a','http://www.andymark.com/product-p/am-0077a.htm','K. Dominguez','2014-01-25'),('5BDBED5ED7254A959CE5AB2254B816F2','10',4,'Solenoid single','Andy Mark','AM-2259','http://www.andymark.com/product-p/am-2259.htm','C. Granch','2014-01-25'),('E63AECF1E5C248528C2648A2D854683F','11',1,'Pulley','McMaster-Carr','3164T16','http://www.mcmaster.com/','D. Brandon','2014-01-25'),('7EEACC583EED4A9DB5B317A307C2B9AF','01',5,'4 inch HiGrip Wheel','Andy Mark','AM-2256','https://www.andymark.com/product-p/am-2256.htm','K. Dominguez','2014-01-27'),('2C39E8CFFC4740D38BD57B4ABC0BF3D5','08',2,'500 Hex Hub','Andy Mark','AM-0096a','http://www.andymark.com/product-p/am-0096a.htm','K. Dominguez','2014-01-27'),('A071179E177244E4BF6F2D68863021B5','01',6,'BaneBots Wheel, 2-7/8\" x 0.8\", 1/2\" Hex Mount, 40A, Black/Orange','Bane Bots','T80P-294BO-HS4','http://banebots.com/pc/WHB-HS4-298/T80P-294BO-HS4','K. Dominguez','2014-01-28'),('C069D4B5AA65490581AEB1C082FFC0CD','07',2,' 1/2\" Hex Bore, Flanged, Heavy Duty Inner Race Shielded Ball Bearing','Andy Mark','AM-2986','http://www.andymark.com/Hex-Bearing-p/am-2986.htm','K. Dominguez','2014-01-28'),('C58E5A024C2C439295323134929F4F56','02',6,'BAG Motor','Vex Pro','217-3351','http://www.vexrobotics.com/vexpro/motor-controllers/217-3351.html','C. Dominik','2014-02-03'),('48BF8F9C18A54CC8AB7D2D9C14A18D70','02',7,'Mini CIM','Vex Pro','217-3371','http://www.vexrobotics.com/vexpro/motor-controllers/217-3371.html','C. Dominik','2014-02-03'),('F76F5C03B1B348B29B34709750BCDA12','03',2,'2 Stage Gearbox','Vex Pro','2-Stage Gearbox','http://www.vexrobotics.com/versaplanetary.html','K. Dominguez','2014-02-03'),('2C27AE56C101409199053DB20B663123','12',1,'Tote - Gray - 2015','Andy Mark','AM-3053','http://www.andymark.com/FRC-2015-p/am-3053.htm','K. Dominguez','2015-01-04'),('730B7EF22C14428F96A66C45B54BCAA7','12',2,'Tote - Yellow - 2015','Andy Mark','AM-3054','http://www.andymark.com/FRC-2015-p/am-3054.htm','K. Dominguez','2015-01-04'),('369173B4AC684B30B4396C8C75ACAC0C','12',3,'Recycle Container - 2015','Andy Mark','1788472','http://www.menards.com/main/commercial-use-supplies/waste-management/recycle/brute-32-gal-green-recycle-container-w-o-lid/p-1651970-c-6242.htm','K. Dominguez','2015-01-04'),('1CB8897B72914387B72670373781E471','02',8,'AndyMark 9015 Motor with Cap and Sun Gear for AM Planetary','Andy Mark','AM-2083','http://www.andymark.com/product-p/am-2083.htm','K. Dominguez','2015-01-20'),('48A7FF6B4CEC4696A2E66F012746070C','02',9,'NeveRest 40 Motor','Andy Mark','AM-2964','http://www.andymark.com/NeveRest-Motor-p/am-2964.htm','K. Dominguez','2015-01-20'),('697EE24EF26241638015963825FF1F64','05',9,'VRM','Andy Mark','AM-2857','http://www.andymark.com/product-p/am-2857.htm','K. Dominguez','2015-01-20'),('496302CEF8B54557B5F3A1D2D48255D0','05',10,'NI roboRio (C Rio)','Andy Mark','AM-3000','http://www.andymark.com/product-p/am-3000.htm','K. Dominguez','2015-01-20'),('C6D3DC4CE8E64E0198F1E110A0DE4F4A','05',11,'Power Distribution Board (PDP) 2015','Andy Mark','AM-2856','http://www.andymark.com/product-p/am-2856.htm','K. Dominguez','2015-01-20'),('EE747F45F2B14A2D8FEA4FBC806241F4','05',12,'Pneumatic Control Module (PCM) 2015','Andy Mark','AM-2858','http://www.andymark.com/product-p/am-2858.htm','K. Dominguez','2015-01-20'),('D8D91E2C5B6D4143B3C4A37B69DD1602','05',13,'Talon SR','Andy Mark','AM-NA','http://www.andymark.com/Talon-p/am-talon-discontinued.htm','K. Dominguez','2015-01-20'),('9928443152474421AE7845DED2B2A134','05',14,'Talon SRX (Actual Model)','Andy Mark','AM-2854','http://www.andymark.com/Talon-SRX-p/am-2854.htm','K. Dominguez','2015-01-20'),('0A20F98A3BA2439D8E790F1890F08C58','14',1,'80/20 Extrusion, 6FT','T-Slot Forming','1010','http://www.8020.net/T-Slot-4.asp','N. Gardner','2015-01-26'),('EA9237E9A24F4642B3CA640D61134E5A','99',1,'80/20 Slider','McMaster-Carr','25-6716','http://www.amazon.com/80-20-25-6716-Single-Bearing/dp/B006YVZP7W/ref=sr_1_2?s=industrial&ie=UTF8&qid=1422333795&sr=1-2','P. DeVries','2015-01-26'),('17908F4AFC9B47FC9B53520A51504974','04',1,'VersaFrame T Gusset','Vex Pro','217-3547','http://www.vexrobotics.com/vexpro/versaframe/versaframegussetsandmounts.html','K. Dominguez','2015-01-27'),('26A683F5B20345649774B7E74FF1A71D','04',2,'Versa Chassis Gusset','Vex Pro','217-3557','','K. Dominguez','2015-01-27'),('0B09FDAB874042FEA2B238D4C8920E40','04',3,'VersaFrame Plus Gusset','Vex Pro','217-3550','','K. Dominguez','2015-01-27'),('F1AF2907FBC04EB8939ACE0AB3866EF1','04',4,'VersaFrame 30 Degree Gusset','Vex Pro','217-3555','','K. Dominguez','2015-01-27'),('151812E4A46D4B14BBDBA156E82A0987','04',5,'VersaFrame 45 Degree Gusset','Vex Pro','217-3552','','K. Dominguez','2015-01-27'),('5FFDDC37811744A89D82D62B8A10D482','04',6,'VersaFrame 60 Degree Gusset','Vex Pro','217-3551','','K. Dominguez','2015-01-27'),('89303BC1C503424BB53F42A4304EDB92','04',7,'VersaFrame 90 Degree Gusset','Vex Pro','217-3548','','K. Dominguez','2015-01-27'),('27CA529D6C79487F9563FC2C74DFB6CA','04',8,'VersaFrame 135 Degree Gusset','Vex Pro','217-3556','','K. Dominguez','2015-01-27'),('5DD044367C3B42DD9BDD8CC39C085F65','04',9,'VersaFrame End Bearing Gusset','Vex Pro','217-3554','http://www.vexrobotics.com/vexpro/versaframe/versaframegussetsandmounts.html','K. Dominguez','2015-01-27'),('ED3D1FF946F9429FB498CE927FB7951E','04',10,'VersaFrame Side Bearing Gusset','Vex Pro','217-3553','http://www.vexrobotics.com/vexpro/versaframe/versaframegussetsandmounts.html','K. Dominguez','2015-01-27'),('2F745F6BFCF54CB7AA6C1D88FC803DDC','04',11,'VersaFrame VersaPlanetary Bearing Gusset','Vex Pro','217-3627','','K. Dominguez','2015-01-27'),('24D814D7135D4B5CB34E97240316B765','04',12,'VersaFrame 1\" Wide VersaPlanetary Parallel Mount','Vex Pro','217-4178','http://www.vexrobotics.com/vexpro/versaframe/versaframegussetsandmounts.html','K. Dominguez','2015-01-27'),('B3111AB76BB04414A670B2149290920D','04',13,'VersaFrame 2\" Wide VersaPlanetary Parallel Mount','Vex Pro','217-4179','','K. Dominguez','2015-01-27'),('95BCE53A8BDF4ED2978F7BFBF6FD1D87','04',14,'VersaFrame 150 Degree Gusset 2-pack','Vex Pro','217-4180','','K. Dominguez','2015-01-27'),('01A6CC9749E1472DAA82C86D076E5BF1','04',15,'VersaFrame 120 Degree Gusset 2-pack','Vex Pro','217-4181','','K. Dominguez','2015-01-27'),('BA1534922038434B8B60DB53D826A839','04',16,'VersaFrame Face Bearing Mount 2-pack','Vex Pro','217-4183','','K. Dominguez','2015-01-27'),('A7864C0C8FAB44C982722BA626E374D0','14',2,'80/20 Extrusion, 30in','T-Slot Forming','1010','','C. Dominik','2015-01-27'),('E09FA7C000DE4FA6816377B74B59FADA','14',3,'80/20 Extrusion, 20in','T-Slot Forming','1010','','C. Dominik','2015-01-27'),('8E172E12039C42D4BA9ED6169B8D21C3','14',4,'80/20 Extrusion, 12in','T-Slot Forming','1010','','C. Dominik','2015-01-27'),('615A0B939A0C45C6BECD6B639C96EA7C','14',11,'80/20 Extrusion, 68 in','T-Slot Forming','1010','','C. Dominik','2015-01-27'),('954905072AFB4502B59036BE50DE7836','04',17,'VersaFrame Corner Gusset','Vex Pro','217-4238','','K. Dominguez','2015-01-28'),('A09D2DBA9B9245C8BF3854DF73666F81','04',18,'VersaFrame VersaPlanetary Side Mount','Vex Pro','217-4239','','K. Dominguez','2015-01-28'),('AF65113897A244FBA0813A01201BB923','04',19,'VersaFrame Dual 0.5\" Bearing Plate','Vex Pro','217-4399','','K. Dominguez','2015-01-28'),('953DA8DD74624EB4BC16A9EF5E546701','04',20,'VersaFrame #35 Chain Mount 2-pack','Vex Pro','217-4400','http://www.vexrobotics.com/vexpro/versaframe/versaframegussetsandmounts.html','K. Dominguez','2015-01-28'),('C4BEBF080F254D8D83956C112A3DC096','04',21,'VersaBlock Kit','Vex Pro','217-3432','http://www.vexrobotics.com/vexpro/all/bearingblocks-g.html','K. Dominguez','2015-01-28'),('04964C5CBB63421FA05D67DE5328C8C9','04',22,'VersaFrame Dual 0.875\" Bearing Plate','Vex Pro','217-4399','http://www.vexrobotics.com/vexpro/versaframe/versaframegussetsandmounts.html','K. Dominguez','2015-01-28'),('C0B8093F83714CB4A851859720898097','04',23,'VersaFrame 1\" x 2\" x 0.10\" Pre-Drilled Tube Stock 59\"','Vex Pro','217-3453','http://www.vexrobotics.com/vexpro/versaframe/versaframestock.html','K. Dominguez','2015-01-28'),('2FA4A42E10E941289BA992ED1DAC2817','04',24,'Transmission - WCP DS - Dual Speed Base Kit','Vex Pro','217-3423','http://www.vexrobotics.com/vexpro/motion/gearboxes/wcp-ds.html','K. Dominguez','2015-01-28'),('2A860A3E23CE461BBAB196AA9835BCCB','01',7,'4\" Omni Wheel','Vex Pro','217-2584','http://www.vexrobotics.com/vexpro/motion/wheels-and-hubs/omni-wheels.html','K. Dominguez','2015-01-30'),('FA1B149474AE424197935C407E8F520D','01',8,'4\" Traction Wheel - 1\" Wide','Vex Pro','217-2588','http://www.vexrobotics.com/vexpro/motion/wheels-and-hubs/traction-wheels.html','K. Dominguez','2015-01-30'),('0865FD0EAAE24140A41B9F1E0D3DDBD7','02',10,'Window Motor','Denso','262100-3030','','L. Furlong','2015-01-30'),('76429BDC25D246C2BCC5B07DC3F4D03A','04',25,'Transmission - WCP DS - West Coast Drive Base Kit','Vex Pro','217-3424','http://www.vexrobotics.com/vexpro/motion/gearboxes/wcp-ds.html','K. Dominguez','2015-01-30'),('09CB386D05F2437CB7E02AA6A9A0ABCC','04',26,'VersaPulley Kit (HTD 5mm) - 42T, 18mm wide','Vex Pro','217-3199','http://www.vexrobotics.com/vexpro/motion/belts-and-pulleys/htdversapulley.html','K. Dominguez','2015-01-30'),('A71B1FD862514667B78F854D35675021','10',5,'Piston, 1\" Stroke','Bimba','021-DXP','','N. Dekker','2015-01-30'),('DBEDBE89A0EB4838A8A8C86C10432348','11',5,'Versa Pulley - 60T, 7mm','Vex Pro','217-3200','http://www.vexrobotics.com/vexpro/motion/belts-and-pulleys/htdversapulley.html','K. Dominguez','2015-01-30'),('729BF1558BCA466883E2C3CB3653507F','08',3,'VersaHub 1/2 inch Hex','Vex Pro','217-2592','http://www.vexrobotics.com/vexpro/motion/wheels-and-hubs/versahubs.html','K. Dominguez','2015-01-31'),('ADC31AA9022F4D7BB85820A742AB88B1','08',4,'VersaHub 1/2 inch Hex, Plastic','Vex Pro','217-2592','http://www.vexrobotics.com/vexpro/motion/wheels-and-hubs/versahubs.html','K. Dominguez','2015-01-31'),('6C97BE1D09DB471FBAB27A8DB5360EA0','99',2,'Aluminum Slip-on Rail Fitting','McMaster-Carr','4698T146','http://www.mcmaster.com/','P. DeVries','2015-01-31'),('AC126BE8C5884383B106687B7F50AE8F','03',3,'BaneBots 4:1 Gearbox','Andy Mark','P80K-4-0005','http://www.banebots.com/pc/P80K-S4/P80K-4-0005','K. Dominguez','2015-02-13'),('B0310CD1E8C54E7D91A2C0D673B29327','15',1,'80/20 Right Angle Bracket','McMaster-Carr','47065T223','http://www.mcmaster.com/','K. Dominguez','2015-02-14'),('5432E55BF12140A59F5E4DC4D6D46ACC','15',2,'80/20 Tee, 5 Hole, 1\"','McMaster-Carr','47065T182','http://www.mcmaster.com/','K. Dominguez','2015-02-15'),('8726EE149F374A84978FB0B3B766F2D0','01',10,'BaneBots Wheel, 2-7/8\" x 0.4\", 1/2\" Hex Mount, 30A, Black/Green ','Bane Bots','T40P-293BG-HS4','http://banebots.com/pc/WHB-WS-294/T40P-293BG-HS4','P. DeVries','2015-02-21'),('C906E56FE31B4FF1925DFD2D86DAAABA','07',4,'1/2\" id Flanged, Shielded Ball Bearing','Andy Mark','AM-0030','http://www.andymark.com/product-p/am-0030.htm','K. Dominguez','2015-02-21'),('34699CA98AC24AF584CE371E55DEA56D','16',1,'1/2\" Acetal Spacer - 1/2\" Hex','Vex Pro','217-3261','http://www.vexrobotics.com/acetalspacers.html','N. Dekker','2015-02-21'),('D9CE992143C24FEEA4DAF0F4BA98FA57','09',1,'S25-32L Aluminum Sprocket','Andy Mark','AM-0233','http://www.andymark.com/product-p/am-0233.htm','K. Dominguez','2015-03-07'),('357EC8F410484E1685CE528FBF0B8306','09',2,'S25-36L Aluminum Sprocket','Andy Mark','AM-0234','http://www.andymark.com/product-p/am-0234.htm','K. Dominguez','2015-03-07'),('43B4EA2072A9488E9B60E074D72077FC','09',3,'S25-42L Aluminum Sprocket','Andy Mark','AM-0235','http://www.andymark.com/product-p/am-0235.htm','K. Dominguez','2015-03-07'),('715037E47D6E473B8FA388079E8B667D','09',4,'S25-66L Aluminum Sprocket','Andy Mark','AM-0238','http://www.andymark.com/product-p/am-0238.htm','K. Dominguez','2015-03-07'),('F109B7C86A314D9AB847C6D143796CE7','09',5,'S25-22HA-500-Hex Sprocket','Andy Mark','AM-0646','http://www.andymark.com/product-p/am-0646.htm','K. Dominguez','2015-03-07'),('C59EF1CF30844218BD286059DE12B4ED','09',6,'S25-16HA-500K Aluminum Sprocket','Andy Mark','AM-0277','http://www.andymark.com/product-p/am-0277.htm','K. Dominguez','2015-03-07'),('A3A856FCAFD44C8288BB31B861EA8F10','15',3,'80/20 Right Angle Bracket 2\"','McMaster-Carr','47065T175','http://www.mcmaster.com/','K. Dominguez','2015-03-07'),('7971DE9F6FA34501847B1CDF681A679D','16',2,'1/8\" Acetal Spacer - 1/2\" Hex','Vex Pro','217-2758','http://www.vexrobotics.com/217-2758.html','K. Dominguez','2015-03-07'),('68963B3675DE49248D0C04744C876AF7','16',3,'1\" Acetal Spacer - 1/2\" Hex','Vex Pro','217-3263','http://www.vexrobotics.com/acetalspacers.html','K. Dominguez','2015-03-07'),('43A0064220A9412AA67E7251EF6251E3','17',1,'Collar Clamp, 1/2\" Hex Bore, Aluminum','Andy Mark','AM-1238','http://www.andymark.com/product-p/am-1238.htm','K. Dominguez','2015-03-07'),('5F5508AB2CE248CE874F13F4F39B0CF5','17',2,'Clamping Shaft Collars, 1/2\" Hex','Vex Pro','217-2737','http://www.vexrobotics.com/shaft-collars.html','K. Dominguez','2015-03-07'),('F9813354CB384F9481CED829010CAAA0','99',4,'VIAIR Air Compressor','ViAir','90','http://www.viaircorp.com/90C.html','K. Dominguez','2015-03-07'),('AA5C5224CA7341C6A8C74B74335A1CCB','14',12,'80/20 1x1 Basic Extrusion, 2ft','McMaster-Carr','47065T209','http://www.mcmaster.com/','K. Dominguez','2015-03-15'),('32F1014A74BF4DD2A22B217BB08B7A53','05',20,'Solinoid','Omega','N/A','','R. Carranza','2015-11-10'),('588D8EBB5A7E42E38DE683B947BC3A3F','03',4,'Nano Tube 31, Left, Three 1/2\" Key Shafts, 25 Chain Drive','Andy Mark','AM-0689L','http://www.andymark.com/product-p/am-0689l.htm','K. Dominguez','2016-01-18'),('AC49CF15AF0249DE91AA17BFD21A515A','03',5,'Nano Tube 31, Right, Three 1/2\" Key Shafts, 25 Chain Drive','Andy Mark','AM-0689R','http://www.andymark.com/product-p/am-0689r.htm','K. Dominguez','2016-01-18'),('D43BF60D25E74A8F8662712C8DC62933','03',18,'Versa Drop (Butterfly) - Drop Mount and Piston','Vex Pro','217-4824-016','http://www.vexrobotics.com/217-4824.html','K. Dominguez','2016-01-23'),('FCB3CB33447B484E8938EC7D72E6A687','11',2,'Timing Pully - 24T 9mm','Vex Pro','214-3227','http://www.vexrobotics.com/vexpro/motion/belts-and-pulleys/htdpulleys.html','K. Dominguez','2016-01-25'),('CCE181CB3D84471190F62FA259E5E33F','11',3,'Versa Pully - 60T, 7mm','Vex Pro','217-3249','http://www.vexrobotics.com/vexpro/motion/belts-and-pulleys/htdversapulley.html','K. Dominguez','2016-01-25'),('581FB3C976684811BA43CE609AF6CFB1','11',4,'Versa Pully - 60T, 18mm','Vex Pro','217-3200','http://www.vexrobotics.com/vexpro/motion/belts-and-pulleys/htdversapulley.html','K. Dominguez','2016-01-26'),('51ABDF7664904DDDA909C2CBAC8B18A1','01',11,'bane bots 1-7/8 x 1/4 hex mount','Bane Bots','T40P-193BG-HS4','http://www.banebots.com/product/T40P-193BG-HS4.html','B. Long','2016-01-30'),('488BCCA20DBE4E52AE0DA06AC4129348','09',7,'S25-16HA-500-Hex Sprocket','Andy Mark','AM-0749','http://www.andymark.com/product-p/am-0749.htm','Y. Ghebreyesus','2016-01-30'),('13046CC401EF44DBB399BE56978628D6','09',8,'S25-16HA-394K Sprocket, 25 Series, 16 tooth, 10mm Key Bore','Andy Mark','AM-2182','http://www.andymark.com/product-p/am-2182.htm','R. Carranza','2016-02-05'),('981EDF6783D1496DA192DD4E52589A44','02',12,'RS550 Motor - 12V','Bane Bots','M5-RS550-12','http://www.banebots.com/product/M5-RS550-12.html','Y. Ghebreyesus','2016-02-06'),('609EBEA98BFB44E4B4FC7E72D785609F','03',6,'Banebots P60 64:1 Gearbox w/ Motor Block & Mounting Kit','Andy Mark','AM-2877','http://www.andymark.com/Banebots-p/am-2877.htm','Y. Ghebreyesus','2016-02-06'),('5C478B56476440BEB89D004E21AD788E','15',4,'Banebots P60 64:1 Gearbox w/ Motor Block & Mounting Kit','McMaster-Carr','1513A14','http://www.mcmaster.com/','L. Furlong','2016-02-06'),('99464914FC2A426FA73336BE1EDAFD10','08',5,'VersaHub 1/2\" Round w/ 1/8\" Keyway','Vex Pro','217-2590','http://www.vexrobotics.com/vexpro/motion/wheels-and-hubs/versahubs.html','K. Dominguez','2016-02-09'),('E92865EA71534CC1B931D8E316695D7C','11',6,'VersaPulley Kit (HTD 5mm) - 42T, 11mm wide','Vex Pro','217-3199','','K. Dominguez','2016-02-09'),('882AAF528CE44A28821A51DDE62D6F5A','11',7,'Timing Pulley (HTD 5mm) - 18T, 9mm Double Flange, 1/2\" Hex','Vex Pro','217-3225','http://www.vexrobotics.com/vexpro/motion/belts-and-pulleys/htdpulleys.html','K. Dominguez','2016-02-09'),('D2C603884CFC4C2099FB2B842A0582C2','01',12,'BaneBots Wheel, 3-7/8\" x 0.4\", 1/2\" Hex Mount, 30A, Black/Green ','Bane Bots','T81P-393BG','http://www.banebots.com/product/T81P-393BG.html','K. Dominguez','2016-02-11'),('40ABB604E55745699D1D4C9B22D63B1C','10',15,'Piston, 7\" Stroke','Bimba','SR-047-DP-00MC','http://www.bimba.com/','C. Dominik','2016-02-11'),('E96E8CBF264D44FE8F0C30021A2152B1','03',7,'Standard, 132:1, For RS-500 Motor','Bane Bots','P60S-555-5','http://www.banebots.com/product/P60S-555-5.html','K. Dominguez','2016-02-12'),('65D429104A7E4A31AC9F412C4D48000D','01',13,'6\" Plaction Wheel with Blue Nitrile Tread','Andy Mark','AM-3316','http://www.andymark.com/Plaction-p/am-3316.htm','R. Carranza','2016-02-13'),('1DEB3063DCDC41A7B2A7351CE50E4552','10',16,'Air Cylinder, 1in Bore, 7.5in Stroke','McMaster-Carr','6471K228','http://www.mcmaster.com/','B. Long','2016-02-13'),('EF426EE021844628808FFDF158D949F8','10',17,'Air Cylinder, 3/4in Bore, 7in Stroke','McMaster-Carr','6498K861','http://www.mcmaster.com/','C. Dominik','2016-02-13'),('4940EEE26378421092B2B307C158B87A','11',8,'Timing Pulley (HTD 5mm) - 24T, 15mm Double Flange, 1/2\" Hex','Vex Pro','217-3228','http://www.vexrobotics.com/vexpro/motion/belts-and-pulleys/htdpulleys.html','K. Dominguez','2016-02-13'),('92E73094CB4742B7A14924ECCF108EAA','16',4,'1/8\" Nylon Spacer - 1/2\" Hex','Vex Pro','275-1066','http://www.vexrobotics.com/vexedr/products/accessories/motion/shafts-and-hardware.html','S. Tefera','2016-02-13'),('3D7D333633904C7DBC96A1B4691B500A','16',5,'1/4\" Nylon Spacer - 1/2\" Hex','Vex Pro','275-1066','http://www.vexrobotics.com/vexedr/products/accessories/motion/shafts-and-hardware.html','S. Tefera','2016-02-13'),('2E93657F26BD47EF9523F1F484BA7E46','16',6,'3/8\" Nylon Spacer - 1/2\" Hex','Vex Pro','275-1066','http://www.vexrobotics.com/vexedr/products/accessories/motion/shafts-and-hardware.html','S. Tefera','2016-02-13'),('F626907C1E7A483C98401917BE24DCB2','05',21,'Power Distribution Board 2016','Vex Pro','217-4244','http://www.vexrobotics.com/217-4244.html','L. Furlong','2016-02-16'),('9234445EA28B49ACA918162D7538F2AE','05',22,'Voltage Regulator Module','Vex Pro','217-4245','http://www.vexrobotics.com/217-4245.html','L. Furlong','2016-02-16'),('7CCC836602AD409B9C54759872F330A9','02',13,'Base VersaPlanetary 1:1 with 1/2\" with 1/8\" Keyway Round Output','Vex Pro','217-3562','http://www.vexrobotics.com/versaplanetary.html','Y. Ghebreyesus','2016-02-19'),('67C9430E194148C09F1C0F3F5BAFB285','03',8,'Gear Box','Vex Pro','217-3562','http://www.vexrobotics.com/versaplanetary.html','Y. Ghebreyesus','2016-02-20'),('EA68DBEE4E964890BB6C8243C5AE68D7','05',23,'Dual Band 2x2 450 Mbps Access Point','Open-Mesh','OM5P-AN','http://www.open-mesh.com/om5p-an.html','K. Dominguez','2016-03-05'),('4AE2B1FEFDFC48998D73D956C98D8151','03',9,'WDP - Transmission Shaft','Vex Pro','217-3423-003','http://www.vexrobotics.com/wcp-ds.html','S. Tefera','2016-11-08'),('B80CE753916A438B8E8E5F160701C604','03',10,'????','????','????','','U. Unknown','2017-01-09'),('32617C95403D4A45ACDBBF59D5A572CA','03',11,'Building Block 220 Gearbox: Standard 641, 1 CIM Mount','Bane Bots','BB220S-444-4','http://www.banebots.com/product/BB220S-444-4.html','B. Long','2017-01-09'),('25141636D8CD4E46BAA64F1B7DFA6B09','08',6,'.500 Inch Cicular Hub','Andy Mark','AM-0976','http://www.andymark.com/Hub-p/am-0976.htm','S. Wang','2017-01-10'),('BE9B0EA324014DE88489F0A93AAD4423','01',14,'Left 4\" mecanum wheel','Vex Pro','217-3644','http://www.vexrobotics.com/mecanum-wheels.html','B. Long','2017-01-14'),('02009A673D1C4D92AB02F38008495162','01',15,'????','Vex Pro','???','http://www.vexrobotics.com/mecanum-wheels.html','B. Long','2017-01-14'),('90B5CE5CE62741E59CEAE5CB40D3AE87','03',12,'Butterfly drive - All Parts (Not moveable)','Vex Pro','217-4824','http://www.vexrobotics.com/217-4824.html','B. Long','2017-01-14'),('2FF75D2F106549BDAF43E41C9784DA01','03',13,'WCP SS - Single Speed Base Kit','Vex Pro','217-3421','http://www.vexrobotics.com/wcp-ss.html','S. Wang','2017-01-14'),('E806A0C8B0AA4B2E913319835B32976C','06',1,'Plate Sprocket - 32t','Vex Pro','217-2690','http://www.vexrobotics.com/25-sprockets.html','S. Wang','2017-01-14'),('DCCA351FB09843EEAE5959E2867D92F7','07',5,'Large-Diameter Ring-Style Turntable','Vex Pro','18635A54','https://www.mcmaster.com/','S. Wang','2017-01-14'),('483EA1E5FB0C445A9FE398B79859B512','07',6,'Flanged Bearing - 0.500in (Hex) x 1.125in x 0.313in v2','Vex Pro','217-3875','','S. Wang','2017-01-14'),('C4CED1259D5A431FA1B44934368DE4E1','08',7,'VersaHub (1/2\" Hex, Plastic)','Vex Pro','217-4009','http://www.vexrobotics.com/versahubs.html','S. Wang','2017-01-14'),('E38B9823FB524329AFDDE3FC15DC99E2','14',13,'1/2\" Hex Stock (18 inches)','Vex Pro','217-3309','http://www.vexrobotics.com/shaft-stock.html','S. Wang','2017-01-14'),('A78C81B193D945A18975D2481588E039','14',14,'Spacing on 217-3421','Vex Pro','217-3421-005','http://www.vexrobotics.com/wcp-ss.html','S. Wang','2017-01-14'),('85CB3C52B59449929507C23BB184F579','01',16,'VersaWheel (4\'\')','Vex Pro','217-2903','http://www.vexrobotics.com/217-2903.html','R. Rietveld','2017-01-16'),('7C7F973E72CB4E49900DCFFC2A430717','02',14,'CIM Motor','Vex Pro','217-2000','http://www.vexrobotics.com/217-2000.html','R. Rietveld','2017-01-16'),('90A2E9DE4EAE4A5DBAA044D82D61A7E1','06',2,'12t CIM Motor Gear with Mounting Hardware','Vex Pro','217-2614','http://www.vexrobotics.com/217-2614.html','R. Rietveld','2017-01-16'),('09B53C227E0D470EB37D7DC4822D8D6B','06',3,'66t Gear with 1/2\" Hex Bore & VersaKeys','Vex Pro','217-3223','http://www.vexrobotics.com/1-2-hex-bore.html','R. Rietveld','2017-01-16'),('8C03399FF29241F6B26BEA7793C77934','06',5,'15 tooth/90 degree miter gear','McMaster-Carr','6843K13','https://www.mcmaster.com/','H. Fieldhouse','2017-01-16'),('5527D64D66DD41C8AA7F545E23792668','09',9,'#25 Sprocket w/ Hub - 16t - 1/2\" Hex ID','Vex Pro','217-2642','http://www.vexrobotics.com/25-sprockets.html','R. Rietveld','2017-01-16'),('DE7A8F12E2024981A8BEF590DA83ED02','16',7,'1/16\" Acetal Spacer - 1/2\" Hex','Vex Pro','217-3257','http://www.vexrobotics.com/acetalspacers-vexpro.html','R. Rietveld','2017-01-16'),('3D9AB1522CCF420AA8095B21DCB26018','17',3,'High Strength Clamping Shaft Collar - 1/2\" Hex ID','Vex Pro','217-4106','http://www.vexrobotics.com/shaft-collars.html','R. Rietveld','2017-01-16'),('5A1F1285A5D141F4A07598CECD83A769','99',6,'15 Series & Ready Tube 5 Hole - Tee Flat Plate','80/20 INC','4340','https://8020.net/shop/4340.html','S. Wang','2017-01-16'),('47E316C7E6C14054BE73DD2BFAE0E143','99',7,'45 Series 5 Hole - 90 Degree Angled Flat Plate','80/20 INC','45-4351','https://8020.net/45-4351.html','H. Fieldhouse','2017-01-16'),('EB9A89650D9848EE975B23E891FF7E68','02',15,'775 VexPro Motor','Vex Pro','217-4347','http://www.vexrobotics.com/217-4347.html','D. Brandon','2017-01-17'),('83E5E7468AE341639E99E82EE8D59D5C','03',14,'10:1, Planetary, For 775, With Motor, Hex Output','Vex Pro','Multiple','http://www.vexrobotics.com/versaplanetary.html','D. Brandon','2017-01-17'),('4516702FF3E84939B8389CDA15484D4D','06',4,'15T Bevel Gear','Vex Pro','217-3344','http://www.vexrobotics.com/vexpro/motion/217-3344.html','B. Long','2017-01-17'),('367C06CD35CA4222859AEB947644109D','01',17,'BaneBots Wheel, 2-3/8\" x 0.4\", 1/2\" Hex Mount, 30A, Black/Green','Bane Bots','T40P-243BG-HS4','http://www.banebots.com/product/T40P-243BG-HS4.html','S. Wang','2017-01-19'),('E2B06DC6D72A45AB9E4C09F7B3333C2C','03',15,'Rough Model Base VersaPlanetary v2 1:1 with 1/2\" with 1/8\" Keyway Round Outpu','Vex Pro','217-4975','http://www.vexrobotics.com/versaplanetary.html','S. Wang','2017-01-19'),('EC80D65B4D5943878FC5246F47908C50','03',16,'1/2 inch shaft coupler','Vex Pro','217-4008','','J. Bassett','2017-01-19'),('7A0FCAD1C92D4513A3A16D9760C61C2D','08',8,'Hub, 1/2 Round Shaft','Vex Pro','2590','','D. Brandon','2017-01-20'),('9ABDB08B96B645D399613BBED89CB6FA','01',18,'BaneBots Wheel, 1-5/8\" x 0.4\", 1/2\" Hex Mount, 30A, Black/Green','Bane Bots','T40P-173BG-HS4','http://www.banebots.com/product/T40P-173BG-HS4.html','S. Wang','2017-01-21'),('F335030AF9A7479AAFC4BB55759E9EF2','03',17,'3/8\" hex output gearbox','Vex Pro','214-2894-STEP','','S. Tefera','2017-01-21'),('4217E32E41034DDE93BB3E186C51CEF9','03',19,'Versa Drop (Butterfly) - Pivot Assembly','Vex Pro','217-4824-015','http://www.vexrobotics.com/217-4824.html','K. Dominguez','2017-01-23'),('EDC93B7B78A3475892A42E6E18CCEFFD','05',24,'Talon SRX (Block Model)','Andy Mark','AM-2854','http://www.andymark.com/Talon-SRX-p/am-2854.htm','K. Dominguez','2017-01-24'),('36D46310DD554F7CB6A9A6492347294B','15',5,'5 Hole - 90 Degree Angled Flat Plate','80/20 INC','25-4151','https://8020.net/shop/25-4151.html','B. Long','2017-01-26'),('CA0EF4B33022461F8374AE7E9544CA09','10',18,'Air Compressor(Volume Model, more accurate)','Andy Mark','AM-2005','http://www.andymark.com/product-p/am-2005.htm','S. Wang','2017-01-27'),('88D59F80AB274436B5E85411684781DD','12',4,'?????','Andy Mark','?????','','U. Unknown','2017-01-28'),('EC5605EC817144ACA277609880B0ADB8','12',5,'gear','Andy Mark','am-3302','http://www.andymark.com/product-p/am-gear.htm','H. Fieldhouse','2017-01-28'),('5E3C9AD31AB0471A89D22A3E542CE84D','10',19,'air cylinder, 3/4 in. bore, 2in. stroke','Bimba','SR-042','http://www.bimba.com/en/Products-and-Cad/Actuators/Inch/Round-Line/Non-Repairable/Original-Line-Cylinder/?searchRef=yes&pn=SR-042','H. Fieldhouse','2017-01-30'),('C79C098EACD24BA5B8C2963D4E06859D','15',8,'narrow profile screw mount lift-off hinge','McMaster-Carr','11955A73','https://www.mcmaster.com/','H. Fieldhouse','2017-01-30'),('0D352275E6ED4495B8F5866C63A6E5BA','01',19,'3-7/8\" wheels','Bane Bots','T81P-394BO','','D. Brandon','2017-01-31'),('800F39E1EF364874B1DC89EF23BACF18','03',20,'775 Motor 1 stage gearbox','Vex Pro','Multiple','http://www.vexrobotics.com/versaplanetary.html','D. Brandon','2017-01-31'),('10473932EE554ADDB836F93EACD09CBE','03',21,'775 Motor 2 stage','Vex Pro','Multiple','http://www.vexrobotics.com/versaplanetary.html','D. Brandon','2017-01-31'),('F578F78C695A454EB94848EEB870592C','03',22,'775 Motor 3 stage gearbox','Vex Pro','Multiple','http://www.vexrobotics.com/versaplanetary.html','D. Brandon','2017-01-31'),('49D5A1456F5A4868B1EF700CB41A89F9','03',23,'775 Motor 4 stage gearbox','Vex Pro','Multiple','http://www.vexrobotics.com/versaplanetary.html','D. Brandon','2017-01-31'),('9FB9DFDE1A61479EBD90A6D35C4BB265','06',6,'timing pulley','Vex Pro','217-3227','','D. Brandon','2017-01-31'),('A72C877E34E24F0490F1DCF9B8F222F1','06',7,'clamping collar 1/2 Hex','Vex Pro','217-2737','','D. Brandon','2017-01-31'),('C026A41D48CC40238428B5A155B8683F','08',9,'Hex Shaft Coupler 1/2 to 1/2 inch','Vex Pro','217-4008','','D. Brandon','2017-02-01'),('A10D494AB35349B186BD9EA3E4CFB2FE','02',16,'servo fuel tank','HiTech Multiplex','HS-322HD','','J. Bassett','2017-02-04'),('A65B5683C8574535801F941F687AD276','03',24,'Versa Drop (Butterfly) - Pivot Assemble (Left Side)','Vex Pro','217-4824-015','','D. Brandon','2017-02-06'),('BEE705ECC3B14103A18F9C6DB3322C71','10',20,'Air Tank - 574 ml - Plastic','Andy Mark','AM-2649','http://www.andymark.com/product-p/am-2649.htm','K. Dominguez','2017-02-08'),('A47CCF62E5CB4FAA9148708B1E1B2BAC','10',21,'Bracket For Plastic Air Tank','Andy Mark','AM-2008','http://www.andymark.com/product-p/am-2008.htm','K. Dominguez','2017-02-08'),('2B759028DED14ED8839E88DFD3DEA5B5','01',20,'Versa Drop (butterfly) - Pivot Assembly-Right','Vex Pro','217-4824-015','http://www.vexrobotics.com/217-4824.html','S. Tefera','2017-02-09'),('026A31F4744E497884890136651DA887','10',22,'Ball Rode End Female','McMaster-Carr','60645K311','https://www.mcmaster.com/','U. Unknown','2017-02-09'),('0D3435234C754348B839A6AEBCA886DD','10',23,'Brakets for nuematic','Bimba','D-12321-A','http://www.bimba.com/Global/Library/Catalogs/Bimba Catalogs/FL_OriginalLine.pdf','S. Wang','2017-02-09'),('98AE60E236DE4FFF87D522FDD6CD8090','15',9,'Helical flexured u joint','Heli-Cal','9942-16-16','','B. Long','2017-02-09'),('C4190701FA1247CEB749AE8CCA5A96DF','05',25,'Circuit Breaker','Andy Mark','am-0282','http://www.andymark.com/120-amp-robot-main-circuit-breaker-p/am-0282.htm','D. Brandon','2017-02-10'),('B09F1D8549F3482E9FB1A6724EED437A','15',10,'Corner Gusset','Vex Pro','217-4238','http://www.vexrobotics.com/versaframegussetsandmounts.html','D. Brandon','2017-02-10'),('E84AC1688C4B4A2B9CCFE1D2FA8552E0','15',11,'Bracket, 1\" Long for 1\" High Single Profile Aluminum T-Slotted Framing Extrusion','McMaster-Carr','47065T236','https://www.mcmaster.com/','K. Dominguez','2017-02-10'),('7276709DA7FB4D1BB10334766C81FC80','15',12,'5\" spring hinge plate','McMaster-Carr','15205A86','https://www.mcmaster.com/','B. Long','2017-02-11'),('9B295C1D40AF4717B7BA761A03D67602','17',4,'1/2 inch hex clamping collar','Vex Pro','217-2737','http://www.vexrobotics.com/shaft-collars.html','R. Rietveld','2017-02-11'),('B83C8B2E09F44B6C8AE3600E2C0A134F','10',24,'Small Cylinder','McMaster-Carr','62185K64','https://www.mcmaster.com/','D. Brandon','2017-02-13'),('E42575344CBB49DE88CE396049E2B7FB','07',8,'3/8\" id Flanged, Shielded Ball Bearing (FR6ZZ)','Andy Mark','AM-0028','http://www.andymark.com/FR6ZZ-3-8-inch-ID-Flanged-Shielded-Bearing-p/am-0028.htm','K. Dominguez','2017-02-17'),('AFE6EE7C52144D2CBF3F0E01FCC7933B','03',25,'VersaPlanetry V2 Output Shaft, 1/2 Hex','Vex Pro','217-4973','http://www.vexrobotics.com/vexpro/motion/gearboxes/versaplanetary.html','K. Dominguez','2017-02-18'),('DF2D67FB23FF4F4DB038433B4ED3D34F','10',25,'Pneumatic Air Cylinder - Body','Bimba','H-1-1','http://www.bimba.com/Products-and-Cad/Actuators/Inch/Compact/Low-Profile/Single-Acting-Air-Clamps/','B. Long','2017-02-18'),('6859930FC5BF47ED9C5D0472D819A49B','10',26,'Pneumatic Air Cylinder - Shaft','Bimba','H-1-2','http://www.bimba.com/Products-and-Cad/Actuators/Inch/Compact/Low-Profile/Single-Acting-Air-Clamps/','B. Long','2017-02-18'),('0D3C44D936A24BD490292957C6176A31','10',27,'Pneumatic Air Cylinder - 5/16 Shaft','Bimba','H-1','http://www.bimba.com/Products-and-Cad/Actuators/Inch/Compact/Low-Profile/Single-Acting-Air-Clamps/','B. Long','2017-02-18'),('9F52C8CFDA65499AA307DFF10E37B208','07',7,'Flanged Double Shielded, for 1/4\" Shaft Diameter, 1/2\" OD','McMaster-Carr','57155K323','https://www.mcmaster.com/','K. Dominguez','2017-02-19'),('FF2DAEB516AE4EE88A50F11694F533DD','07',9,'Radical Thrust Bearing','McMaster-Carr','2706T15','https://www.mcmaster.com/','D. Brandon','2017-02-19'),('5C65E27633CE4679911B6AC7DC3FEDF7','10',28,'Short-Stroke Clamping Air Cylinder','McMaster-Carr','62185K12','https://www.mcmaster.com/','D. Brandon','2017-02-19'),('A7F14905E7F7473FB042FB046C3CC286','13',1,'#10 Hex Screw, 3/8\" Long','McMaster-Carr','91251A340','https://www.mcmaster.com/','D. Brandon','2017-02-19'),('93DF2133FE204EBCAAB742EE26BD16F7','13',2,'#10 Hex Screw, 3/4\"','McMaster-Carr','91251A345','https://www.mcmaster.com/','D. Brandon','2017-02-19'),('497A7A7DF2DC4C1D98FF04A380874BBB','13',3,'#10 Hex Lock Nut','McMaster-Carr','90631A411','https://www.mcmaster.com/','D. Brandon','2017-02-19'),('EF688FE2EF6E47489CC95EB552FD4BE7','13',4,'#10 Button Head Screw, 3/8\"','McMaster-Carr','91255A265','https://www.mcmaster.com/','D. Brandon','2017-02-19'),('C67BA1F853164278A3554DF1E2583B61','17',5,'Clamping Shaft Collar - 3/8\" Round ID','Vex Pro','217-2738','http://www.vexrobotics.com/shaft-collars.html','K. Dominguez','2017-02-19'),('62177C3969C3410BA455261861391A7A','17',6,'Clamping Shaft Collar - 1/4\" Round ID','????','???','','K. Dominguez','2017-02-19'),('3BFE1BEA01A64AE8ACB71221B0DCC32B','10',30,'Push-to-Connect Tube Fitting for Air','McMaster-Carr','5779K143','https://www.mcmaster.com/','B. Long','2017-02-20'),('A19D29C8A4F6417083FA834E0BCB3ED4','10',31,'10-029 incl extension','McMaster-Carr','6648K912','https://www.mcmaster.com/','B. Long','2017-02-20'),('6E8BD522AA0E46CBA58861507F947A62','13',5,'Button Head Screw, 1/4-20, 0.5 inch','McMaster-Carr','91255A537','https://www.mcmaster.com/','D. Brandon','2017-02-20'),('23FBB58E3958489D8E9747B8624E2491','17',7,'Clamping Shaft Collar - 1/2\" Round ID','Vex Pro','217-2736','http://www.vexrobotics.com/shaft-collars.html','K. Dominguez','2017-02-20'),('3878B42B01634277BA6981B980F34CE0','16',8,'1/8\" Acetal Spacer - 3/8\" Hex','Vex Pro','217-3256','http://www.vexrobotics.com/acetalspacers-vexpro.html','K. Dominguez','2017-02-21'),('D0BA52877E5F4FA5B4A125BD83B37801','10',32,'Round Body Air Cylinder','McMaster-Carr','7391K67','https://www.mcmaster.com/','D. Brandon','2017-02-23'),('C2682D43F178462C94638D2E9B4CD276','10',33,'Rod Clevis with Pin for 9/16\" & 7/8\" Bore Brass Impact-Resistant Round Body Air Cylinder','McMaster-Carr','7391K12','https://www.mcmaster.com/','D. Brandon','2017-02-23'),('98136B782AC2472595154D341F66F9A2','10',34,'Pivot Bracket with Pin for 3/4\" & 1-1/16\" Bore Round Body Air Cylinder','McMaster-Carr','6498K72','https://www.mcmaster.com/','D. Brandon','2017-02-23'),('D0AF55CC5C0049B0BFE464F0DB564F6B','10',35,'Round Body Air Cylinder, Double-Acting, Universal Mount, 3/4\" Bore Size, 3\" Stroke','McMaster-Carr','6498K635','https://www.mcmaster.com/','D. Brandon','2017-02-23'),('8BF77B0C0AC44126AB898D2F610E809B','13',6,'Black-Oxide Alloy Steel Hex Drive Flat Head Screw, #6-32 1/4\"','McMaster-Carr','91253A144','https://www.mcmaster.com/','D. Brandon','2017-02-23'),('CEE8C290FDF54F808C08C67FAE0F834B','13',7,'Black-Oxide Alloy Steel Hex Drive Flat Head Screw, #6-40, 1/2\"','McMaster-Carr','91253A162','https://www.mcmaster.com/','D. Brandon','2017-02-23'),('76FA5BDEB74A44DD87F38B30A2B0D634','13',8,'Black-Oxide Alloy Steel Hex Drive Flat Head Screw, #6-32 1/2\"','McMaster-Carr','91253A148','https://www.mcmaster.com/','D. Brandon','2017-02-23'),('71499C6E9FC04174AEFE898AAE7DDB33','13',9,'Black-Oxide Alloy Steel Hex Drive Flat Head Screw, #6-32 3/8\"','McMaster-Carr','91253A146','https://www.mcmaster.com/','D. Brandon','2017-02-23'),('C0CA15F6F50049E99C6F09965DE5A817','13',10,'Black-Oxide Alloy Steel Hex Drive Flat Head Screw, #6-32 5/8\"','McMaster-Carr','91253A150','https://www.mcmaster.com/','D. Brandon','2017-02-23'),('798659FCB51D47A29811767AFC967D4B','13',11,'Black-Oxide Alloy Steel Hex Drive Flat Head Screw, #10-32 1/2\"','McMaster-Carr','91253A003','https://www.mcmaster.com/','D. Brandon','2017-02-23'),('7844F33B651A4BF6BBA2438724410E69','13',12,'Black-Oxide Alloy Steel Hex Drive Flat Head Screw, #8-32 1/2\"','McMaster-Carr','91253A194','https://www.mcmaster.com/','D. Brandon','2017-02-23'),('20A9AEB0020C40CDB8EC67927DBDB676','07',10,'Flanged Double Shielded with Ring, for 5/16\" Shaft Diameter','McMaster-Carr','57155K338','https://www.mcmaster.com/','K. Dominguez','2017-02-24'),('B2780EADBFD447D3A97A5048CB1D299F','10',36,'Round Body Air Cylinder, Double-Acting, Universal Mount, 1-1/16\" Bore, 3\" Stroke','McMaster-Carr','6498K655','https://www.mcmaster.com/','D. Brandon','2017-02-24'),('9BB1B8E786A54CF883671755E8BF7EFE','10',37,'Pivot Bracket with Pin for 3/4\" & 1-1/16\" Bore Round Body Air Cylinder','McMaster-Carr','6498K72','https://www.mcmaster.com/','D. Brandon','2017-02-24'),('528113CA89DA455D8B04BF6B5FF0F32E','10',38,'Steel Ball Joint Rod End, 5/16\"-24 RH Female Shank, 5/16\" Ball ID, 11/16\" Long Thread','McMaster-Carr','60645K331','https://www.mcmaster.com/','D. Brandon','2017-02-24'),('EA19CDE0CC5046B8BF120EB6DEE07865','15',13,'Self-Closing, Steel with Zinc Finish, with Holes, 5\" High Leaf - Half','McMaster-Carr','15205A14-Half','https://www.mcmaster.com/','K. Dominguez','2017-02-27'),('0DC1C5BAC1234F418A5D431FE2BDA2ED','15',14,'Self-Closing, Steel with Zinc Finish, with Holes, 5\" High Leaf - Assy','McMaster-Carr','15205A14','https://www.mcmaster.com/','K. Dominguez','2017-02-27'),('81E310EED0A54DB481D2C87299492BB8','13',13,'Brass Tapping Inserts for Hardwood - 10-32','McMaster-Carr','90016A021','https://www.mcmaster.com/','K. Dominguez','2017-03-03'),('7C2367002F28477B834E2A1814B78CFC','99',8,'Zinc-Plated Music Wire, 4.00\" Long,.875\" OD,.120\" Wire','McMaster-Carr','9657K464','https://www.mcmaster.com/','S. Wang','2017-03-03'),('FB0D2DAADA76477B84B479AAD550F868','02',17,'HS-322HD Standard Heavy Duty Servo','HiTech Multiplex','33322S','http://hitecrcd.com/products/servos/sport-servos/analog-sport-servos/hs-322hd-standard-heavy-duty-servo/product','K. Dominguez','2017-03-08'),('DBCBDE17662A46D78EB5D892EEEFADED','02',18,'A model of a 127 RPM mini motor','Servo City','638394','https://www.servocity.com/127-rpm-mini-econ-gear-motor','B. Long','2017-10-28'),('0929E9F0EEA74378BB72D822B0B20523','06',8,'Worm, 4T, OD.5, 1\" length, .313 hex','Andy Mark','am-2362','http://www.andymark.com/product-p/am-2362.htm','B. Long','2017-10-28'),('756119C6C94F40B8B3FF2DBD177F26B4','11',9,'60t x 18mm Wide VersaPulley Kit (HTD 5mm, VersaKeys)','Vex Pro','217-3200','https://www.vexrobotics.com/htdversapulley.html','B. Long','2017-10-28'),('63310E4889A4420CBB02545A5191F9AD','02',19,'485 rpm micro motor','Servo City','638356','https://www.servocity.com/485-rpm-econ-gear-motor','B. Long','2017-11-09'),('527E7A849FE8486C90A2A4EC258942F9','14',16,'80-20 2 Ft.','McMaster-Carr','5537T101','https://www.mcmaster.com/','A. Yanney','2018-01-11'),('8CBB7EB9115A4AAA942155B65428BD76','09',10,'S25-16HA-500K AL Sprocket (16 tooth)','Andy Mark','AM-0277','https://www.andymark.com/Sprocket-p/am-0277.htm','B. Long','2018-01-12'),('C18D1480DFFB4E0BA0EEA77D0293AD66','09',11,'22 tooth al sprocket .5 id','Andy Mark','AM-0280','https://www.andymark.com/Sprocket-p/am-0280.htm','B. Long','2018-01-12'),('5A3DEA83671A4C7B8C7474775B467283','06',9,'Metal Gear 14-1/2 Degree Pressure Angle','McMaster-Carr','6325K65','https://www.mcmaster.com/','A. Yanney','2018-01-13'),('FFA832C71C3042C2887560E5EEDFCCB4','06',10,'Metal Gear Rack 14-1/2 Degree Pressure Angle','McMaster-Carr','5170T1','https://www.mcmaster.com/','A. Yanney','2018-01-13'),('DF96C9CD3C4844A084B66D8C1E0508A0','10',39,'Flexible-Mount Air Cylinder - 1.25 Bore, .75 Stroke','McMaster-Carr','62245K182','https://www.mcmaster.com/','R. Rietveld','2018-01-13'),('179EC01767E84C8DB44CF94F250E9B32','15',15,'Ball Joint Rod End, 5/16\"-24 Thread, Right Hand','McMaster-Carr','60645K331','https://www.mcmaster.com/','R. Rietveld','2018-01-13'),('5DA4D02ECE234D20BF8888C3F6F79DAE','18',1,'5052 Aluminum Surface-Mount Hinge - 4X2, T = .12 - Assy','McMaster-Carr','1609A23','https://www.mcmaster.com/','R. Rietveld','2018-01-13'),('C63B645D8D1642A6BEE051BCA56FEB54','18',2,'5052 Aluminum Surface-Mount Hinge - 4X2, T = .12  - Pin','McMaster-Carr','1609A23','https://www.mcmaster.com/','R. Rietveld','2018-01-13'),('F7B1C6E3641E47E6AEEADC0B0838C2A6','18',3,'5052 Aluminum Surface-Mount Hinge - 4X2, T = .12 - Not Pin','McMaster-Carr','1609A23','https://www.mcmaster.com/','R. Rietveld','2018-01-13'),('1C47A20828B84F0D94B8953CBF6BA21B','01',21,'4\'\' HD Mecanum, Single Right','Andy Mark','am-3026R','http://www.andymark.com/product-p/am-3026r.htm','R. Rietveld','2018-01-15'),('926BC33018574408BFC3095CD59562AD','02',20,'VEX 775pro Motor','Vex Pro','217-4347','https://www/vexrobotics.com/217-4347.html','T. Qu','2018-01-15'),('FEC2204B411A43B98E578F7CA76BD5B5','09',12,'Roller Chain Sprocket, 35 Chain, 10 T','McMaster-Carr','6280K321','https://www.mcmaster.com/','B. Long','2018-01-15'),('80EA66D9F85A427E95630B80A92D0F41','18',4,'304 Stainless Steel Hinge','McMaster-Carr','1549A57','http://www.mcmaster.com/','T. Qu','2018-01-15'),('AE7A6E779FA545BEB00710E990C2E4FA','18',5,'Surface-Mount Hinge with Holes','McMaster-Carr','1549A44','http://www.mcmaster.com/','T. Qu','2018-01-15'),('8FF8F495298E4506B074FDF9DB5F9154','99',10,'Lever Drawer Release','McMaster-Carr','11435A28','https://www.mcmaster.com/','A. Yanney','2018-01-15'),('68EE65C371054D9A94146F21F5D44027','05',27,'LIDAR Lite 3','Andy Mark','AM-3829','http://www.andymark.com/product-p/am-3829.htm','D. Fieldhouse','2018-01-19'),('BA48CAF158CC4C7FA3FEA73A498FCC86','08',11,'500 hex hub','Andy Mark','am-0096a','http://www.andymark.com/Hub-p/am-0096a.htm','A. Yanney','2018-01-19'),('CBBD62834CA8479192B12B63281AE421','01',22,'4\" Traction Wheel - 1.5\" Wide','Vex Pro','217-2588-T-1.5','https://www.vexrobotics.com/vexpro/motion/wheels-and-hubs/traction-wheels.html','K. Dominguez','2018-01-20'),('9AE4A8C3D4574FB5BD09F4BD1DD06094','01',23,'4\" Traction Tire - 0.5\" Wide','Vex Pro','217-2859-W','https://www.vexrobotics.com/vexpro/motion/wheels-and-hubs/traction-wheels.html','K. Dominguez','2018-01-20'),('990F17FB7DE74DD1AD0B64A495049557','01',24,'4\" Traction Tire Assy - 1.5\" Wide','Vex Pro','217-2859','https://www.vexrobotics.com/vexpro/motion/wheels-and-hubs/traction-wheels.html','K. Dominguez','2018-01-20'),('552CF82A63FC472B9933CACC9055633D','06',11,'1/2\" Bore 32 Pitch Aluminum Hub Gear','Servo City','615206','https://www.servocity.com/32-pitch-50-bore-aluminum-hub-gears','A. Yanney','2018-01-20'),('257F40C30E71454ABBA8B26F725A5260','13',14,'Combination Slotted/Phillips Rounded Head Screws','McMaster-Carr','90077A245','https://www.mcmaster.com/','A. Yanney','2018-01-20'),('16E75B18C5E04C0999689DF404F3D9F2','13',15,'Round Head Blunt Screw','McMaster-Carr','92115A217','https://www.mcmaster.com/','A. Yanney','2018-01-20'),('033DB1ACEF854A2AABB99BB2523C3A60','13',16,'Longer Round Head Blunt Screw','McMaster-Carr','92115A219','https://www.mcmaster.com/','A. Yanney','2018-01-20'),('297B905A35C343EC967FE3EB4ED039A0','05',28,'ENCODER OPTICAL 256PPR PC MNT','Digi-Key','63R256','https://www.digikey.com/product-detail/en/grayhill-inc/63R256/GH3070-ND/304479','A. Yanney','2018-01-23'),('9306CE4FB4B44933818767EBF9FC5678','01',25,'4\" Compliant Wheels','Andy Mark','am-3480','http://www.andymark.com/4-Compliant-Wheels-p/am-4compliant.htm','M. Schroeder','2018-02-01'),('DB14842E226343CAAF85B07CF064B8A6','07',11,'Unlubricated Turntable, Round, 750 lb. Capacity, 9.12\" OD, Galvanized Steel','McMaster-Carr','6031K21','https://www.mcmaster.com/','B. Long','2018-02-01'),('3B4D1DA7D4874EEFACA0C873AC8EC1E7','07',12,'Skateboard Bearing','VXB','608-2RS Ball Bearing','http://www.vxb.com/Skateboard-inline-Skate-rollerblade-hockey-One-p/2ISB-1.htm?gclid=EAIaIQobChMIi5DhwaSG2QIVS01-Ch0f-QwMEAQYBCABEgKB_fD_BwE','D. Brandon','2018-02-01'),('3DC093360EF9462895E3348503FEB19E','10',40,'Air cylinder, 3/4\" in. bore, 2in. stroke w/pivot point','Bimba','SR-042DP','http://www.bimba.com/en/Products-and-Cad/Actuators/Inch/Round-Line/Non-Repairable/Original-Line-Cylinder/?searchRef=yes&pn=SR-042','T. Qu','2018-02-02'),('D167F2B25EC54EB6A69B88FB3E5CA125','12',6,'Power Cube for 2018','Andy Mark','Power-Up-Cube','http://www.andymark.com/Power-Up-p/am-2018frc.htm','D. Brandon','2018-02-02'),('B98918B3F7E7499B917C9AEFB43E7759','06',12,'Bevel Gear','McMaster-Carr','6529K11','https://www.mcmaster.com/','J. Bassett','2018-02-03'),('5BA3F8B0B19247FFA983873539A74F5D','06',13,'66t Aluminum Spur Gear (20 DP, 1/2\" Hex Bore, VersaKeys)','Vex Pro','217-3223','https://www.vexrobotics.com/vexpro/motion/vexpro-gears/1-2-hex-bore.html','K. Dominguez','2018-02-03'),('8EE4863C95FC491EB05B98407397DB85','06',14,'40t Aluminum Spur Gear (20 DP, 3/8\" Hex Bore)','Vex Pro','217-2707','https://www.vexrobotics.com/vexpro/motion/vexpro-gears/3-8-hex-bore.html','K. Dominguez','2018-02-03'),('976F1A0DD53B4C46814F5FB84814BC80','07',13,'Ball Bearing - Double Sealed, for 10 mm Shaft Diameter, 30 mm OD, 9 mm Wide','McMaster-Carr','5972K41','https://www.mcmaster.com/','K. Dominguez','2018-02-03'),('1F10CBA3BF2E407C8E0DF7232E383343','16',9,'3/4\" SS Spacer - 1/4\" Round','McMaster-Carr','92320A367','https://www.mcmaster.com/','D. Fieldhouse','2018-02-03'),('5A6F2C52671B485C90DB87A1175CEA49','02',21,'Bosch Seat Motor','Andy Mark','am-3493','http://www.andymark.com/product-p/am-3493.htm','J. Bassett','2018-02-05'),('79A8809EFEFD41E8AD2DAC5DCDFB71AE','03',26,'One Stage VEX Gearbox with 775 Motor, V2','Vex Pro','Multiple','https://www.vexrobotics.com/vexpro/motion/gearboxes/versaplanetary.html','D. Brandon','2018-02-05'),('6586D43E7A2D4541A18F754AE321DF41','03',27,'1/2 Round Output Shaft with Keyway','Vex Pro','217-2895','https://www.vexrobotics.com/vexpro/motion/gearboxes/versaplanetary.html','D. Brandon','2018-02-05'),('3549E2AEA7264764909ACCC375523452','03',28,'Entegrated Encoder for Vex Pro Gear Box','Vex Pro','217-5046','','D. Brandon','2018-02-05'),('03B8F67613C64B1C937B5A894405D103','03',29,'Ring Gear Section for building Vex Pro Gearbox','Vex Pro','217-2816','','D. Brandon','2018-02-05'),('E95CAA8DCBB0486F94B96580F4A77597','03',30,'Vex Pro Gear Box End for 775 Motor','Vex Pro','217-4347','','D. Brandon','2018-02-05'),('26A138990887446D88718A2E950689B7','03',31,'Two Stage Gear Box with 775 Motor and Encoder','Vex Pro','Multiple','','D. Brandon','2018-02-05'),('5EAE6F118F2F41D5BF3B7EB9AA4C679F','05',29,'Hall Effect Sensor Board','West Coast Products','971','http://www.wcproducts.net/wcp-0971','U. Unknown','2018-02-05'),('57E0088B7DE84D5CBD6FB17023BC9C89','05',30,'Round Magnite for Hall Effect Sensor','West Coast Products','0971a','http://www.wcproducts.net/wcp-0971','D. Brandon','2018-02-05'),('3DEE2598AA514AF997E2C3DD61CB24FB','06',15,'1/2 Worm Gear','McMaster-Carr','57545K527','https://www.mcmaster.com/','D. Brandon','2018-02-05'),('33A2B8ED3F024533B8EB3DD72CEE048E','06',16,'Mate Gear for Worm 1:18 1/2\"','McMaster-Carr','57545K511','https://www.mcmaster.com/','D. Brandon','2018-02-05'),('CAFE1B61D19D451787FC874AC0B150FC','06',17,'36t gear 3/8 hex','Vex Pro','2217-3123','https://www.vexrobotics.com/3-8-hex-bore.html','B. Long','2018-02-06'),('41A6BACC493049E591FACD47360E09DE','13',17,'Shoulder Bolt','McMaster-Carr','91559A578','','D. Brandon','2018-02-06'),('78E7679FD02D4B83A5301D1F757A4D6A','13',18,'#8 Button Head Screew, 1/4\" long','McMaster-Carr','91255A190','','D. Brandon','2018-02-06'),('FDC24661EAAA4A039C24ECE2C4A256E3','13',19,'#8 Button Head Screew 5/16\" Long','McMaster-Carr','91255a191','','D. Brandon','2018-02-06'),('C493A41CB29144269D01C5BCA827F6D4','13',20,'#8 Button Head Screw','McMaster-Carr','91255A189','','D. Brandon','2018-02-06'),('47A95D7F7E684BCB993D10A71690AA49','05',31,'Talon SRX','Andy Mark','AM-2854','','D. Brandon','2018-02-07'),('5D04D505D9854715B9520F6BE23BF324','05',32,'Radio for 2018','Andy Mark','AM-3205','','D. Brandon','2018-02-07'),('481305E0203746D3896E12B81599D417','05',33,'Raspberry Pi','Amazon','Raspberry Pi 3','','D. Brandon','2018-02-07'),('B71DB8D599AB4A0188BE7BBDDDF140F0','05',34,'5 Port Router','Amazon','TP-Link 5 Port','https://www.amazon.com/dp/B000FNFSPY/ref=psdc_281414_t1_B06XQSW7Z6','D. Brandon','2018-02-07'),('55D9F7442BD24CC3B7441E72E45EB59C','03',32,'VersaPlanetary Dual Motor Input (for 775)','Vex Pro','217-3141','https://www.vexrobotics.com/vexpro/motion/gearboxes/217-3141.html','K. Dominguez','2018-02-08'),('C3CE73D4B6064EFFAA6956EF4400BCEA','01',9,'????','????','????','','U. Unknown','2015-02-21'),('3F400696DBB345C9A9CAAE1B373D1A42','07',3,'???','AST Bearings','???','','U. Unknown','2014-01-28'),('646913D78B1A432DA5C524D0EEEA3D13','99',3,'80/20 Slider','McMaster-Carr','60585K19','','U. Unknown','2015-02-10'),('C57BD88F5971437190B3128A0C5CBE40','14',5,'????','????','????','','U. Unknown','2015-01-27'),('8EFA6E9E8F524655B4C7C389D7B680A3','14',6,'????','????','????','','U. Unknown','2015-01-27'),('882F198594084E568E6F4DEE80537A3E','14',7,'????','????','????','','U. Unknown','2015-01-27'),('4E5EE5AFCEEE42C2B7C698CF838344FF','14',8,'????','????','????','','U. Unknown','2015-01-27'),('57FADD045D974D1DB0051F0A7D60AED3','14',9,'????','????','????','','U. Unknown','2015-01-27'),('16BDAC0B9FE7462DB3FF0602B440CEB7','14',10,'????','????','????','','U. Unknown','2015-01-27'),('944C86AC8F0947D8B81B86CC2AE0C614','15',6,'????','????','????','','U. Unknown','2017-01-26'),('B9FC9331DCF24B4D8500CD28D1AF3096','15',7,'????','????','????','','U. Unknown','2017-01-26'),('612610AA1E6847388A8D67BEC9FA5085','10',29,'Nonrotating NFPA Tie Rod Air Cylinder','McMaster-Carr','6648K912','https://www.mcmaster.com/','B. Long','2017-02-28'),('3D33A5B23C79450B8C2A9C3BE08651C0','02',11,'PG27 Gearmotor with backshaft','Andy Mark','AM-0915','http://www.andymark.com/product-p/am-0915a.htm','K. Dominguez','2016-02-10'),('6BCABA7B43104DDD8DE129E13DD5D00A','05',15,'D-Link','Andy Mark','AM-0839','http://www.andymark.com/DAP-1522-REV-B-refurbished-p/am-0839_refurb.htm','K. Dominguez','2015-09-01'),('C9C63A1707C6465B8F87E9E3E6AC24A5','05',16,'Robot Light','Rockwell Automation','855PB-B12ME522','http://ab.rockwellautomation.com/signaling-devices/panel-mount-signaling-alarms','K. Dominguez','2015-09-01'),('C8AF23D00AE74CF1B489D89748AE2CEF','05',17,'Main Breaker','Eaton\'s Bussman Business','CB185-120','http://www.cooperindustries.com/content/public/en/bussmann/consumer/products/automotive_circuitprotectionprdandacc/automotive_marinecircuitbreakers/High_Amp_Marine.html','K. Dominguez','2015-09-01'),('F4A9CFB181DF41B0BED91B201A7971EC','05',18,'Wire Spool, 14 Gage, 25ft','McMaster-Carr','8054T17','http://www.mcmaster.com/','K. Dominguez','2015-09-01'),('067120F518F147C18150B56784713223','05',19,'Wire Spool, 12 Gage, 25ft','McMaster-Carr','8054T18','http://www.mcmaster.com/','K. Dominguez','2015-09-01'),('AADDD622C39242888692A72720AC5D56','05',26,'Optical Encoder','Digi-Key','Grayhill - 63R256','http://www.digikey.com/product-detail/en/grayhill-inc/63R256/GH3070-ND/304479','K. Dominguez','2018-01-01'),('A4BC5D69C3AF4498BF0B50D456B37315','10',6,'Pneumatic Tank, Clipper','Andy Mark','AM-2649','http://www.andymark.com/product-p/am-2649.htm','K. Dominguez','2016-01-01'),('1836DEA97F954891A109EF4D1E694368','10',7,'Pneumatic Tank Holder','Andy Mark','AM-2008','http://www.andymark.com/product-p/am-2008.htm','K. Dominguez','2016-01-01'),('6F0D977A23B448588D713A8EE9950A13','10',8,'Valve Pack, Single Solenoid 12 Volt Festo','Andy Mark','AM-2304','http://www.andymark.com/product-p/am-2304.htm','K. Dominguez','2016-01-01'),('3BE2E27A5A4F4830BB311E23ECE46DDE','10',9,'Norgren relief valve','Andy Mark','AM-2002','http://www.andymark.com/product-p/am-2002.htm','K. Dominguez','2016-01-01'),('336BD50A78AB427C8D6E7B09174A02A7','10',10,'Norgren Regulator and Bracket','Andy Mark','AM-2020','http://www.andymark.com/product-p/am-2020.htm','K. Dominguez','2016-01-01'),('DE883A991BB0408B937260A19C7C3465','10',11,'Norgren pressure gauge','Andy Mark','AM-2003','http://www.andymark.com/product-p/am-2003.htm','K. Dominguez','2016-01-01'),('9698C1449E444D198758D29A3F872D66','10',12,'Air Cylinder, 3/4\" bore, 7\" stroke','Andy Mark','AM-2034','http://www.andymark.com/product-p/am-2034.htm','K. Dominguez','2016-01-01'),('1B94C32D174B46B49725655C1A3A8AD3','10',13,'Nason Pressure Switch','Andy Mark','AM-2006','http://www.andymark.com/product-p/am-2006.htm','K. Dominguez','2016-01-01'),('B683E074FE9A4D5897303D6B361BE6A6','10',14,'Pneumatic Tubing (20m)','Andy Mark','AM-2137','http://www.andymark.com/product-p/am-2137.htm','K. Dominguez','2016-01-01'),('8E51CFDDE31447B4AA1F5DAAE6FE2DD9','99',5,'Weedwacker Head','Home Depot','99944200900','http://www.homedepot.com/p/ECHO-U-Turn-Replacement-Trimmer-Head-for-String-Trimmer-99944200900/202353172','K. Dominguez','2016-01-01'),('C31F472C0555468893170426AD5F6F74','03',33,'VEX 775 3 STAGE GEAR BOX','Vex Pro','217-2820','https://www.vexrobotics.com/versaplanetary.html','S. Wang','2018-02-08'),('C2624B1ADC1049829385F20D526F841A','02',22,'VersaPlanatory 1/2 Hex Output','Vex Pro','217-2897','https://www.vexrobotics.com/versaplanetary.html','S. Wang','2018-02-08'),('EF827905477A41219C8DD9BEB5BE785D','01',26,'Colson Performa (4\" x 2\", 1/2\" Hex Bore)','Vex Pro','217-4054','https://www.vexrobotics.com/vexpro/motion/wheels-and-hubs/colsonperforma.html','K. Dominguez','2018-02-08'),('C0D301B11AE9440BBB95046C82C406E6','06',18,'24T 3/8\" Bore Gear','Vex Pro','217-2703','https://www.vexrobotics.com/vexpro/motion/vexpro-gears/3-8-hex-bore.html','D. Brandon','2018-02-14'),('38C1691003224D44883757BB90CFB08A','06',19,'64T, 1/2 Hex Bore Gear','Vex Pro','217-2715','https://www.vexrobotics.com/vexpro/motion/vexpro-gears/1-2-hex-bore.html','D. Brandon','2018-02-14'),('DC62AAA5A3CA427DB100FA225C23AA06','01',27,'2\" Straight Flex Wheel (Silicone Rubber, 1/2\" Hex Bore)','West Coast Products','WCP-0134','http://www.wcproducts.net/WCP-0134','S. Wang','2018-02-16'),('8AFC8741D8024FC3973A92E146D05598','10',41,'Pneumatic Solenoids & Manifold','Vex Pro','217-2951 & 217-2948','https://www.vexrobotics.com/vexpro/pneumatics/solenoids-and-manifolds.html','B. Long','2018-02-17'),('768C3435AA6642F884CCEB0FBC50D820','10',42,'Round Body Air Cylinder Double-Acting, Universal Mount, 7/16\" Bore Size, 8\" Stroke','McMaster-Carr','6498K5','https://www.mcmaster.com/','K. Dominguez','2018-02-26'),('88C4996623B14FA991B3D5A60A1D2F77','01',28,'FTC 4 in. Aluminum Omni Wheel With 8mm Bore (am-2948)','Andy Mark','am-2948','https://www.andymark.com/4-inch-aluminum-omni-wheel-8mm-bore-p/am-2948.htm','S. Wang','2018-02-27'),('6DC2071775484AD5AA08DA4BB0854AF8','10',43,'Round Body Air Cylinder Double-Acting, Universal Mount, 7/16\" Bore, 2-1/2\" Stroke','McMaster-Carr','6498K32','https://www.mcmaster.com/','K. Dominguez','2018-03-01'),('DF2603284C344B6AA094B6C6CC2A4A51','11',10,'70t x 15mm Wide Timing Belt (HTD 5mm)','Vex Pro','217-3472','https://www.vexrobotics.com/htdbelts15.html','K. Dominguez','2018-03-01'),('DDA0F76D1FC842D3B47F505620984CC3','09',13,'24T .5 hex sprocket w hub','Andy Mark','am-3623','https://www.andymark.com/Sprocket-p/am-3623.htm','B. Long','2018-03-02'),('C3CE99FB955D4648B883B620BCD084DA','09',14,'16T .5 hex hubbed sproc','Andy Mark','am-0749','https://www.andymark.com/product-p/am-0749.htm','B. Long','2018-03-02'),('FB553B265443417BA39D6C3383196088','05',35,'Snap Action Switches Long hinge levr SPDT 10 A','Mouser','V-10G3-1C24-K','https://www.mouser.com/ProductDetail/?qs=HDDQUw%2F3PhoF5nolcSKaKA%3D%3D','K. Dominguez','2018-03-03'),('813E1BA1C9824BC1AFA2C510FA04ADCE','10',44,'Double-Acting, Universal Mount, 7/16\" Bore Size, 12\" Stroke','McMaster-Carr','6498K644','https://www.mcmaster.com/','S. Wang','2018-03-13'),('2763DABA42594D2188A2F26C872A10E4','17',8,'8mm to Hex Adapter','Andy Mark','am-0588','http://www.andymark.com/8mm-Keyed-Bore-1-2-Inch-Hex-Adapter-p/am-0588.htm','D. Brandon','2018-03-15'),('107E66D18304442AAE24BBD5801A872E','99',11,'Lost Part???','McMaster-Carr','','','D. Brandon','2018-03-15'),('930D3B5DF73740C6B1C215DFB82BBC7D','99',12,'3\" Caster with Brake','McMaster-Carr','2406T660','https://www.mcmaster.com/','D. Brandon','2018-03-15'),('3374A773B93540DE99E5AAA5A8A665D4','99',13,'PLTW Laptop in open configuration','VCHS School','School_01','','D. Brandon','2018-03-15'),('295BC1FC604C4297BF9D80E6FC8BBE62','13',21,'7 inch bolt 5/8 thickness','McMaster-Carr','91247A820','https://www.mcmaster.com/','J. Bassett','2018-04-10'),('3CCCA0C4542948A3821EA01F43D45BE5','99',14,'Model of a screw driver.','VCHS School','','','B. Zhou','2018-10-06'),('9B3EAB92B21043299565FEB70CE0C5EE','05',36,'Edited version of Talon','Andy Mark','','','B. Zhou','2018-10-06'),('9AEF28F2ED8C410AAE3D82A842226A0E','12',7,'Mini Frisbee, 5\" From long ago.  Has our logo on it.','????','','','D. Brandon','2018-10-07'),('BBF4A8120BE84343BC2C2FC07F490F3A','02',23,'Mini CIM Motor -- Cleaned up from Step File, Colored Correctly','Vex Pro','217-3371','https://www.vexrobotics.com/vexpro/motors-electronics/217-3371.html','D. Brandon','2018-10-07'),('5A8B7A236B5A4A6B8625240F951D5135','13',22,'#10 Flat Head, 1/4\" Screw, Hex Head','McMaster-Carr','92210A297','https://www.mcmaster.com/92210a297','D. Brandon','2018-10-08'),('D0425E5671D94E56A1D392B0F53A723F','02',24,'HS-645 Servo -- About 120 oz-in, .25 sec/60 degrees','Servo City','HS-645MG','https://www.servocity.com/hs-645mg-servo','D. Brandon','2018-10-09'),('F03FEB43319048A1ADC6AC9906F352C9','02',25,'Standard Bag Motor From Vex Pro, $25.  ','Vex Pro','217-3351','https://www.vexrobotics.com/217-3351.html','D. Brandon','2018-10-12'),('B9479F9C032B483DAD6C7F99329C07C5','05',37,'Encoder -- Grayhill. Fairly accurate model taken from supplier drawings.  2018 price: $59.25.','Digi-Key','GH3069-ND','https://www.digikey.com/product-detail/en/grayhill-inc/63R128/GH3069-ND/304478','D. Brandon','2018-10-12'),('92E48290EB6245BAB020DB6529CB8FF6','13',23,'#6-32 Phillips Pan Head, 3/4\" Long  (Volume Model)','Bolt Depot','1338','https://www.boltdepot.com/Machine_screws_Phillips_pan_head_Stainless_steel_18-8_6-32.aspx','D. Brandon','2018-10-12'),('A1A9E551C17C4EE693D395BA5B4C2E3A','07',14,'1/4\" Bore, 5/8\" OD, 0.196\" Thick Sealed Radial Ball Bearing  (About $1.10 each)','Amazon','R4-2RS C3','https://www.amazon.com/gp/product/B077SPSVD1/ref=ox_sc_act_title_1','D. Brandon','2018-10-15'),('640543048D4B4B57BBACB34D767E3057','13',24,'Shoulder Bolt: 1/4\" shoulder, 1/4\" long, with 10-32 Thread','McMaster-Carr','90298A217','https://www.mcmaster.com/90298a217','D. Brandon','2018-10-15'),('5C521F2561E34EF18EC7CC9C55C3318D','13',25,'Shoulder Bolt, 1/4\" Shoulder, 3/4\" Long, 10-32 Thread','McMaster-Carr','90298A219','https://www.mcmaster.com/90298a219','D. Brandon','2018-10-15'),('134A7F148E114EF58023E2C04CEEE742','13',26,'Shoulder Bolt, 1/4\" Shoulder, 1/2\" Long, 10-32 Thread','McMaster-Carr','90298A218','https://www.mcmaster.com/90298a218','D. Brandon','2018-10-15');
/*!40000 ALTER TABLE `SupplierParts` ENABLE KEYS */;
UNLOCK TABLES;
/*!40103 SET TIME_ZONE=@OLD_TIME_ZONE */;

/*!40101 SET SQL_MODE=@OLD_SQL_MODE */;
/*!40014 SET FOREIGN_KEY_CHECKS=@OLD_FOREIGN_KEY_CHECKS */;
/*!40014 SET UNIQUE_CHECKS=@OLD_UNIQUE_CHECKS */;
/*!40101 SET CHARACTER_SET_CLIENT=@OLD_CHARACTER_SET_CLIENT */;
/*!40101 SET CHARACTER_SET_RESULTS=@OLD_CHARACTER_SET_RESULTS */;
/*!40101 SET COLLATION_CONNECTION=@OLD_COLLATION_CONNECTION */;
/*!40111 SET SQL_NOTES=@OLD_SQL_NOTES */;

-- Dump completed on 2018-10-18 22:35:29
